Country,Country Code,1991,1992,1993,1994,1995,1996,1997,1998,1999,2000,2001,2002,2003,2004,2005,2006,2007,2008,2009,2010,2011,2012,2013,2014,2015,2016,2017,2018
Aruba,ABW,,,,,,,,,,,,,,,,,,,,,,,,,,,,
Afghanistan,AFG,61.54600143,61.4620018,61.27600098,61.14500046,61.0870018,60.99300003,60.90200043,60.88000107,60.81700134,60.88299942,61.14099884,61.3219986,61.67699814,62.13899994,62.45399857,62.26200104,62.43500137,61.96099854,61.80699921,61.85100174,62.28099823,62.81399918,63.21300125,63.66500092,64.17299652,64.51100159,64.85800171,64.93900299
Angola,AGO,60.37200165,61.65399933,61.41999817,61.41799927,61.34400177,62.16699982,61.06900024,61.85800171,61.49300003,59.93500137,59.77600098,59.20700073,59.1780014,59.37900162,61.76200104,63.98799896,66.33699799,68.35500336,69.51499939,70.73100281,72.13200378,72.16799927,72.09799957,72.10299683,72.18099976,72.14299774,72.18699646,72.03900146
Albania,ALB,54.84500122,54.34899902,53.70999908,53.18399811,52.29499817,51.53699875,52.15800095,51.91199875,51.32699966,51.59899902,51.31999969,50.86600113,49.81900024,48.90800095,48.13199997,47.54100037,46.99399948,47.86600113,47.07699966,46.62599945,48.20399857,49.75999832,45.13999939,44.85100174,46.80899811,47.72499847,48.45800018,48.26900101
Andorra,AND,,,,,,,,,,,,,,,,,,,,,,,,,,,,
Arab World,ARB,42.68431711,42.35558099,41.99965163,42.12848768,41.91463663,42.02565666,42.03652342,41.72367806,41.93064618,41.66904222,41.48185163,41.21605817,41.35277113,41.89662993,42.07001786,42.56346929,43.1030097,43.33090701,43.62545946,43.99427205,43.68967163,43.73903386,43.97546341,43.79407485,43.50039537,43.51621375,43.49446035,43.50848729
United Arab Emirates,ARE,71.92199707,72.3010025,72.87799835,73.35700226,73.8010025,73.30699921,73.10199738,73.26499939,73.64800262,74.17099762,73.59700012,73.47499847,73.84500122,74.71700287,75.94499969,76.56400299,77.74900055,79.10399628,80.09700012,81.25800323,81.48600006,81.58999634,81.7480011,82.11499786,82.59300232,82.27700043,81.29299927,80.88200378
Argentina,ARG,56.48199844,56.57799911,54.6609993,54.00099945,49.60599899,50.97700119,52.87400055,54.51900101,53.5719986,53.00099945,51.38700104,49.44400024,52.4109993,53.93399811,54.9109993,56.05400085,56.3769989,56.08800125,55.94200134,55.93500137,56.47000122,56.31299973,56.11500168,55.51100159,55.55199814,55.56100082,55.57400131,54.75799942
Armenia,ARM,58.16400146,57.9109993,55.63600159,54.60499954,54.23500061,52.4070015,51.23600006,51.73400116,50.40299988,50.06700134,49.7879982,49.57500076,49.59899902,49.55099869,49.82600021,50.24399948,50.72100067,47.12200165,46.38000107,48.22499847,49.41400146,49.9070015,50.92499924,49.90599823,48.8730011,48.33399963,48.18799973,48.38899994
American Samoa,ASM,,,,,,,,,,,,,,,,,,,,,,,,,,,,
Antigua and Barbuda,ATG,,,,,,,,,,,,,,,,,,,,,,,,,,,,
Australia,AUS,57.20899963,56.21300125,55.76900101,56.94499969,58.27999878,58.24599838,58.00799942,58.35100174,58.65999985,59.37900162,59.26100159,59.55400085,60.00699997,60.20100021,61.29100037,61.78499985,62.47700119,62.83800125,61.88600159,62.11800003,62.22200012,61.8409996,61.32400131,60.82300186,61.10300064,61.18299866,61.49499893,61.52600098
Austria,AUT,54.24900055,54.84400177,54.70800018,56.46699905,56.48500061,55.44100189,55.19900131,55.25400162,55.8730011,55.77199936,55.63000107,55.98300171,55.94599915,53.49700165,54.83499908,55.4280014,56.49700165,57.19200134,56.79700089,57.06800079,57.28099823,57.36299896,57.21099854,56.77999878,56.6609993,56.79299927,57.03900146,57.34400177
Azerbaijan,AZE,60.02399826,60.37099838,59.64899826,59.31900024,59.22700119,58.67100143,57.90499878,57.08499908,56.3409996,55.68199921,56.1269989,56.59199905,56.99100113,57.7519989,58.22600174,58.72200012,58.90499878,59.40399933,59.83499908,60.16799927,60.52399826,60.93799973,61.3390007,61.85800171,62.26499939,62.93500137,63.23699951,62.87200165
Burundi,BDI,88.75900269,88.24199677,87.55999756,86.68699646,85.89299774,85.1969986,84.2559967,83.40399933,82.67299652,81.90799713,81.3789978,80.79100037,80.33200073,79.88800049,79.54699707,79.25800323,79,78.64499664,78.18900299,77.89600372,77.60099792,77.35900116,77.12400055,76.93699646,77.22799683,77.51200104,77.80400085,77.82499695
Belgium,BEL,45.69300079,46.07899857,45.5019989,45.28499985,45.69200134,45.54999924,45.89699936,45.9620018,47.36100006,48.76200104,47.58800125,47.42100143,47.13299942,47.95000076,48.68299866,48.63299942,49.57799911,49.86100006,49.16199875,49.49300003,49.28300095,49.13100052,48.98600006,48.98600006,48.91199875,49.06399918,49.59500122,49.90499878
Benin,BEN,71.37599945,71.38899994,71.44499969,71.69599915,71.78399658,71.79599762,71.80999756,71.78199768,71.73400116,71.6269989,71.51899719,71.3239975,71.35600281,71.33599854,71.27300262,71.19300079,71.09300232,70.88300323,70.56400299,70.30599976,68.98899841,68.95899963,69.03099823,69.15200043,69.26599884,69.35399628,69.58000183,69.69999695
Burkina Faso,BFA,81.12200165,80.63500214,79.96900177,79.41100311,78.85399628,78.25800323,77.71900177,77.10199738,76.38600159,75.64099884,74.88700104,74.19100189,73.51999664,72.36100006,71.18699646,70.67500305,70.29699707,69.37799835,68.06199646,66.9240036,65.84400177,64.63800049,63.43000031,62.36399841,62.2519989,62.50600052,62.75999832,62.59799957
Bangladesh,BGD,55.4129982,55.40299988,55.38000107,55.42200089,55.50799942,55.48799896,55.42200089,55.39699936,55.30799866,55.26300049,55.10200119,54.88000107,54.69100189,54.70999908,54.74000168,55.00600052,54.81399918,54.54899979,53.94300079,54.78699875,54.53499985,54.29999924,54.04499817,54.01800156,53.98199844,53.97999954,56.13999939,56.19400024
Bulgaria,BGR,50.81000137,50.63800049,49.42699814,48.31299973,47.58599854,46.67399979,45.75400162,45.69300079,43.81100082,41.79000092,41.35800171,41.90000153,43.3730011,44.92599869,45.29899979,47.64099884,50.09400177,52.03699875,50.62599945,47.91799927,46.61800003,46.56100082,46.89199829,47.9640007,49.22700119,49.40599823,52.04000092,52.43899918
Bahrain,BHR,63.88800049,63.94200134,64.11499786,64.44499969,64.8010025,64.54499817,64.35600281,64.36399841,64.59999847,65.09500122,65.1780014,65.43399811,66.05200195,66.93499756,67.93699646,68.41899872,69.13600159,69.96399689,70.66200256,71.40399933,70.60299683,70.63800049,70.64900208,70.7519989,70.87000275,71.16600037,71.73500061,72.13899994
"Bahamas, The",BHS,63.95100021,62.7140007,64.91500092,64.64900208,66.9940033,66.52500153,67.73200226,69.24900055,69.35399628,69.50099945,69.81700134,68.28199768,66.93299866,67.38999939,67.38999939,69.41600037,69.19200134,68.94599915,64.33999634,64.16200256,64.07800293,64.43199921,62.76900101,64.48799896,65.72200012,65.11299896,65.30400085,65.72000122
Bosnia and Herzegovina,BIH,42.7519989,42.06999969,41.18099976,40.40800095,39.66600037,39.12799835,38.49300003,37.9640007,37.02899933,36.46699905,35.86000061,35.18999863,34.67300034,34.17100143,33.96900177,33.54499817,34.48500061,37.11299896,36.70600128,35.02700043,34.72000122,34.29399872,34.31800079,34.0320015,33.81600189,34.84799957,37.30899811,37.05599976
Belarus,BLR,59.1570015,57.47700119,54.13899994,51.55500031,48.67100143,44.61100006,48.77600098,50.52700043,51.22999954,52.01599884,52.65599823,53.19499969,53.94900131,54.81700134,55.6570015,56.55599976,57.46099854,58.30799866,58.77099991,59.20000076,59.50600052,59.81499863,60.12599945,60.34700012,60.47299957,60.50999832,60.36100006,60.04600143
Belize,BLZ,53.83599854,53.03300095,52.93399811,52.05500031,51.41500092,50.87200165,51.93199921,51.375,52.72399902,54.625,56.04100037,55.97399902,56.22499847,56.56600189,56.99200058,58.625,59.81499863,60.61899948,59.89500046,59.39500046,59.31100082,58.93500137,60.0340004,59.44400024,59.80799866,61.51200104,60.92499924,60.86399841
Bermuda,BMU,,,,,,,,,,,,,,,,,,,,,,,,,,,,
Bolivia,BOL,66.83300018,66.87000275,66.91400146,67.07900238,67.34700012,67.58300018,67.88600159,68.04499817,67.96900177,68,68.38899994,68.78399658,69.17099762,69.60700226,70.14199829,70.71399689,69.75700378,70.19300079,69.99700165,70.1210022,70.22499847,67.50099945,67.64600372,69.85900116,64.98999786,68.45200348,65.69300079,65.68000031
Brazil,BRA,58.61399841,58.83399963,59.39799881,59.67200089,59.7859993,57.97000122,58.01300049,57.39400101,57.4109993,57.81399918,58.19800186,58.98199844,58.59000015,59.79299927,60.05500031,60.30400085,60.22999954,60.86999893,60.29499817,59.78499985,59.24399948,59.72200012,59.74200058,59.68399811,58.69100189,56.42399979,55.87799835,55.92399979
Barbados,BRB,52.41600037,52.75,52.13399887,53.60100174,56.47100067,59.29399872,59.31200027,60.68700027,61.73300171,62.39799881,62.0870018,61.80799866,61.38999939,62.95299911,63.20299911,63.26399994,63.95500183,63.20199966,61.60100174,60.73600006,60.26800156,59.00099945,59.59500122,57.30799866,58.2159996,59.86000061,59.68299866,59.26900101
Brunei Darussalam,BRN,62.11100006,62.16899872,62.24200058,62.48799896,62.79100037,62.91699982,63.11899948,63.42900085,63.75,64.16000366,63.91400146,63.47700119,63.20600128,63.11899948,63.15200043,62.95700073,62.80400085,62.62400055,62.11500168,61.99399948,61.93199921,61.72100067,61.48799896,61.36800003,60.68199921,59.98400116,59.30400085,59.13700104
Bhutan,BTN,66.02999878,65.67299652,65.25499725,64.92099762,64.52200317,64.53299713,64.54000092,64.67099762,64.89299774,65.03099823,65.62000275,66.46800232,67.38400269,67.76000214,68.10900116,68.51100159,68.47399902,68.95200348,68.86399841,67.50800323,65.77999878,64.21600342,64.2009964,62.69200134,64.97399902,65.14900208,65.34500122,65.49500275
Botswana,BWA,52.40100098,51.17900085,49.55500031,47.99399948,47.9070015,47.74200058,47.65299988,48.15399933,48.5719986,49.59199905,48.59199905,47.59700012,46.62799835,48.54100037,50.30500031,52.22200012,52.86299896,53.20500183,52.95999908,49.50799942,53.07500076,55.95600128,58.23600006,58.42499924,58.80500031,58.93799973,59.30199814,59.32099915
Central African Republic,CAF,68.08300018,68.00900269,67.77100372,67.63999939,67.62799835,67.35299683,67.21600342,67.26699829,67.11699677,67.11599731,67.07800293,66.98000336,66.95800018,66.99900055,67.18399811,67.48500061,67.76000214,67.93299866,67.5759964,67.49900055,67.48699951,67.52700043,67.6780014,67.54599762,67.46499634,67.44599915,67.47799683,67.43000031
Canada,CAN,59.41899872,58.02999878,57.59600067,58.04899979,58.29600143,58.04399872,58.55599976,59.32500076,60.14199829,60.81299973,60.65299988,61.24300003,61.97999954,62.18799973,62.15999985,62.36500168,62.99900055,63.08499908,61.18099976,61.2179985,61.38700104,61.37599945,61.48799896,61.1590004,61.01499939,60.81399918,61.30699921,61.36999893
Central Europe and the Baltics,CEB,56.18688197,55.81696689,54.44095426,53.65645483,53.28279953,52.82065209,52.88327968,52.60313914,51.47263109,50.2021993,49.6441409,47.94557412,47.94186359,47.76804536,48.12990008,49.23207017,50.47829722,51.36967114,50.44413731,50.01751914,49.91061676,50.16337933,50.2525042,51.28410441,51.98916157,52.76283969,54.04571803,54.36545569
Switzerland,CHE,67.17900085,66.34100342,65.66300201,64.68000031,64.83000183,65.0490036,64.55699921,65.45999908,65.7480011,65.58799744,66.0719986,65.73000336,65.01100159,64.36000061,64.03600311,64.70300293,65.23500061,65.94499969,65.45700073,63.72800064,64.48100281,64.49500275,64.35299683,64.68299866,64.93699646,65.19200134,65.09400177,64.9280014
Channel Islands,CHI,53.45899963,53.48300171,53.4980011,53.75899887,53.79000092,53.77399826,53.94800186,54.29100037,54.59500122,54.73199844,54.76300049,54.83599854,54.79700089,54.6590004,54.87099838,55.00099945,55.04600143,54.88899994,54.27700043,54.05500031,53.52399826,53.3219986,53.22200012,53.38299942,53.47200012,53.47700119,53.45299911,53.23600006
Chile,CHL,52.43199921,53.38199997,53.5719986,52.99100113,54.0019989,52.75400162,53.17900085,53.18999863,50.89199829,50.70600128,50.07600021,49.83599854,50.5870018,51.05099869,52.0870018,52.96900177,53.94499969,54.80799866,53.48400116,55.63899994,57.41799927,57.77500153,58.13700104,58.05199814,58.21300125,57.95299911,58.02700043,57.92100143
China,CHN,77.15000153,77.08699799,76.79000092,76.54499817,76.32900238,76.06500244,75.75299835,75.46900177,75.05500031,74.66899872,73.58499908,72.50800323,71.40899658,70.73300171,70.07700348,69.58399963,69.19200134,68.57299805,68.09300232,67.77899933,67.59999847,67.3710022,67.17500305,66.95300293,66.67900085,66.42099762,66.16400146,65.68399811
Cote d'Ivoire,CIV,62.72299957,62.52700043,62.88399887,63.39799881,63.89199829,63.71300125,63.71099854,63.63800049,62.99499893,62.45700073,61.87400055,61.17699814,60.68600082,60.12200165,59.62799835,59.14599991,58.7519989,58.23099899,57.18399811,56.51499939,55.67100143,55.19499969,56.43000031,56.26100159,56.07799911,55.8769989,55.92100143,55.87799835
Cameroon,CMR,76.73500061,76.58499908,76.34300232,76.14800262,75.97200012,75.86299896,75.77700043,75.67099762,75.47499847,75.77899933,75.82499695,76.27100372,76.79699707,77.52300262,78.07499695,78.69100189,79.2009964,77.40599823,75.08499908,72.81500244,72.99900055,73.20600128,73.36799622,73.59200287,73.62999725,73.72000122,73.82499695,73.6989975
"Congo, Dem. Rep.",COD,69.37999725,69.60600281,69.51200104,69.35900116,69.35700226,69.7460022,69.83699799,69.84200287,69.40000153,69.46399689,69.48799896,69.46199799,69.46499634,69.52400208,69.55599976,68.52899933,67.46299744,66.30400085,64.92199707,63.67900085,62.36999893,61.15299988,61.16600037,61.29800034,61.25,61.16199875,61.23600006,60.97299957
"Congo, Rep.",COG,53.85699844,53.7159996,53.67100143,54.77000046,54.00999832,54.00500107,53.78499985,53.7480011,54.15499878,54.24599838,54.42399979,54.18399811,54.44100189,54.66500092,55.06399918,56.25,57.68299866,58.05799866,58.18799973,59.63499832,61.25999832,62.67100143,62.65100098,62.89899826,62.71099854,62.71699905,62.29399872,62.04899979
Colombia,COL,60.32300186,60.99599838,62.15000153,62.09899902,62.03099823,60.02700043,60.00799942,58.1230011,54.47499847,54.40200043,58.27500153,57.89099884,59.39199829,58.52500153,59.17499924,58.60200119,57.97700119,58.3370018,60.14400101,61.63399887,62.83599854,63.93099976,64.08599854,64.46600342,64.9469986,64.2990036,63.81100082,63.62900162
Comoros,COM,40.00500107,39.95199966,39.88399887,40.04600143,39.95299911,39.92300034,39.88299942,39.90200043,39.81999969,39.73699951,39.74399948,39.73099899,39.77999878,39.88299942,39.99499893,40.20100021,40.45199966,40.67499924,40.66199875,40.81999969,40.97600174,41.16899872,41.36399841,41.59199905,41.83800125,42.06800079,42.30400085,42.44499969
Cabo Verde,CPV,55.60599899,55.87099838,55.96300125,56.24100113,56.31900024,56.43399811,56.48300171,56.34999847,56.22200012,56.1609993,56.25699997,56.31600189,56.33399963,56.74000168,56.98600006,57.54700089,58.53499985,59.06600189,59.02500153,59.36700058,59.5359993,59.48099899,59.48199844,59.88000107,60.08200073,60.17200089,60.42300034,60.61800003
Costa Rica,CRI,55.10200119,55.09999847,55.76900101,56.09600067,56.35599899,53.93000031,56.26200104,57.9109993,57.17300034,56.42900085,58.04499817,57.4679985,57.38399887,56.45000076,58.39199829,58.58399963,60.13600159,59.62599945,57.21900177,57.1570015,54.01100159,57.51699829,57.70299911,57.18700027,56.20600128,54.08599854,55.12799835,55.16999817
Caribbean small states,CSS,55.20633939,55.47492226,55.49487352,56.20417528,56.31350076,56.31865469,56.03623081,56.0931739,55.92437254,56.03161929,56.16570243,56.17109098,56.9198145,57.43513348,57.80061392,58.3064772,58.57167582,58.37039448,57.30089349,56.6454483,56.35376291,56.01301555,56.06012998,56.59238288,56.64630932,57.06267346,57.57446177,58.19497911
Cuba,CUB,46.98799896,47.24399948,47.36299896,47.64300156,47.89099884,48.36199951,48.63100052,49.06200027,48.94900131,49.34500122,50.00600052,50.39199829,50.88199997,51.11399841,51.76200104,52.36000061,53.38199997,53.9620018,55,54.125,53.57899857,53.1269989,53,53.08599854,52.98500061,52.72000122,52.49700165,52.40999985
Curacao,CUW,,,,,,,,,,,,,,,,,,,,,,,,,,,,
Cayman Islands,CYM,,,,,,,,,,,,,,,,,,,,,,,,,,,,
Cyprus,CYP,59.02099991,58.85499954,58.61299896,58.68600082,58.01699829,57.98500061,58.01699829,57.45500183,57.09000015,57.79600143,59.63899994,59.97299957,60.44200134,60.67499924,59.67399979,60.34999847,61.08000183,61.09500122,60.18600082,60.05400085,58.22700119,55.41899872,52.74200058,53.0719986,53.29600143,53.96900177,55.40399933,57.13000107
Czech Republic,CZE,59.87799835,59.34500122,58.70600128,58.90100098,58.93399811,58.67599869,57.91400146,56.91799927,55.44499969,54.85599899,54.9679985,55.43399811,54.89199829,54.27600098,54.7820015,55.07899857,55.72499847,55.91600037,54.69800186,54.10200119,54.31800079,54.56700134,55.22700119,55.80899811,56.61199951,57.76399994,58.70199966,58.79800034
Germany,DEU,56.4620018,55.27899933,53.85300064,53.42399979,53.4469986,52.85300064,52.41799927,52.44800186,53.16500092,53.47100067,53.46099854,52.95100021,52.24700165,51.41600037,51.93199921,52.81800079,54.06900024,54.75899887,54.76399994,55.30099869,56.52799988,56.76100159,57.16600037,57.36999893,57.49200058,57.99900055,58.38600159,58.54199982
Djibouti,DJI,54.85900116,54.65999985,54.39300156,54.10100174,53.91400146,53.95100021,53.99399948,54.14099884,53.9469986,54.07300186,54.02600098,53.91899872,53.97999954,54.03900146,54.1590004,54.70700073,55.20399857,55.41999817,54.91799927,54.5340004,54.6629982,54.8409996,55.29100037,55.36800003,55.85400009,55.93700027,55.90499878,55.96900177
Dominica,DMA,,,,,,,,,,,,,,,,,,,,,,,,,,,,
Denmark,DNK,61.11299896,61.01800156,59.32899857,59.33000183,60.78099823,60.92300034,62.22600174,62.16400146,62.78300095,62.82500076,62.68299866,63.27199936,61.97999954,62.57699966,62.68000031,63.67399979,63.34500122,63.78300095,61.39799881,59.56299973,59.11399841,58.41999817,57.9640007,57.99499893,58.1969986,59.39400101,58.45899963,58.86299896
Dominican Republic,DOM,52.2879982,52.38299942,52.36700058,52.36199951,52.36500168,52.4659996,52.58599854,52.83000183,52.85100174,52.95000076,52.52500153,52.90599823,52.79899979,53.17599869,53.19300079,54.90100098,54.9280014,55.51599884,53.03900146,54.6269989,56.19300079,55.79899979,55.7159996,56.48899841,58.71900177,59.25699997,60.23500061,60.30599976
Algeria,DZA,35.28699875,33.66600037,33.06000137,32.54499817,30.67200089,32.07699966,33.23300171,32.31200027,31.39800072,30.60099983,31.48600006,31.92000008,32.70299911,35.15800095,36.04299927,37.20299911,36.45800018,37.41199875,37.8429985,38.14300156,38.27299881,38,39.39400101,37.27899933,36.81600189,37.18399811,36.40800095,36.29999924
East Asia & Pacific (excluding high income),EAP,74.58312235,74.62505748,74.34491391,74.12502545,73.94531051,73.73491007,73.45913474,73.19192546,72.85210703,72.53169385,71.65319192,70.72455606,69.8436246,69.3226721,68.67960518,68.32346191,68.23235167,67.83587094,67.57058772,67.42348249,67.43849601,67.35783475,67.11179659,66.94168226,66.62555594,66.31375854,66.08435811,65.72103723
Early-demographic dividend,EAR,56.9516522,56.98013249,56.69806651,56.72155628,56.36959886,56.33336551,56.3706507,56.31547227,56.1798282,55.972113,55.86609365,55.59150801,55.60758559,55.90583231,55.93611477,55.7995744,55.71108528,55.42326411,54.92151105,54.69992804,54.37149607,54.07907441,53.99599492,53.99092154,53.95313889,53.94722557,54.1079305,54.07308346
East Asia & Pacific,EAS,72.76960923,72.8202946,72.5450148,72.36897868,72.21833055,72.04856691,71.83225164,71.43404514,71.08882762,70.84373885,70.04505195,69.20058742,68.41182091,67.99394058,67.46482449,67.18168718,67.14494201,66.77964209,66.43703096,66.30413807,66.33720486,66.27069298,66.09134872,65.98936431,65.74047187,65.51100076,65.36217121,65.04411867
Europe & Central Asia (excluding high income),ECA,59.48884304,59.11332173,57.42923037,56.02920323,54.91031756,53.70901663,52.34810917,51.21694946,52.02039503,52.38224264,52.11446599,52.04611486,51.70886461,51.78228667,52.1650795,52.4646711,53.22603892,53.48909315,52.60452551,53.17000301,53.78636502,54.13696298,54.29877311,54.20044293,54.3375897,54.4728104,54.712049,54.589236
Europe & Central Asia,ECS,55.58481155,54.92759334,53.50094985,52.61678309,52.16789709,51.65126668,51.14678941,50.87950286,51.45410098,51.83062551,51.86364329,51.84075726,51.74765433,51.75294736,52.19192185,52.65296922,53.38099181,53.66666198,52.63637305,52.63849929,52.87744829,52.8686968,52.80260641,52.95066801,53.26364217,53.64935599,54.06995507,54.18955672
Ecuador,ECU,61.81200027,61.91799927,61.8769989,62.03300095,62.11299896,62.16600037,62.36399841,64.83799744,64.43499756,64.2519989,64.27899933,63.46300125,62.5870018,65.24099731,65.51000214,66.92500305,65.78800201,65.40299988,63.10800171,62.40499878,62.09700012,62.84799957,62.35699844,61.90599823,64.15699768,65.36399841,66.52300262,66.41400146
"Egypt, Arab Rep.",EGY,42.28499985,42.45299911,41.54299927,42.39400101,41.3030014,41.78499985,41.58499908,41.23899841,42.65599823,41.9679985,41.38399887,40.58100128,40.55899811,41.31499863,41.3409996,42.06600189,43.86399841,43.90499878,44.24000168,44.875,43.17200089,43.1969986,43.40200043,43.45899963,42.03900146,42.15200043,42.35699844,42.57699966
Euro area,EMU,50.74725508,49.86630386,48.60954262,48.04480393,48.06344226,48.03498124,48.14540839,48.59340719,49.29244832,49.97314148,50.40566446,50.60665752,50.77125923,50.73100802,51.236902,51.8470176,52.54789648,52.7175298,51.48765797,51.06621955,50.9773582,50.4851951,50.03993545,50.10198427,50.46908872,51.00732244,51.59415757,51.91083871
Eritrea,ERI,75.6269989,75.48100281,75.4980011,75.16400146,74.88500214,74.93299866,74.83599854,74.66400146,74.60700226,74.1269989,74.23999786,73.73200226,73.65399933,73.54599762,73.64499664,73.87200165,74.26699829,74.72599792,74.33799744,74.46199799,74.60199738,74.72100067,74.81600189,74.97599792,75.0759964,75.18900299,75.31400299,75.27999878
Spain,ESP,42.10400009,41.0320015,38.82400131,38.04899979,38.64500046,39.17499924,40.2879982,41.61299896,43.70700073,45.53300095,46.72800064,47.70899963,48.64799881,49.52600098,51.6230011,52.75,53.32099915,52.2140007,48.49599838,47.50899887,46.58200073,44.56800079,43.53699875,44.20899963,45.47299957,46.69300079,47.7480011,48.46300125
Estonia,EST,62.09999847,60.375,58.27500153,57.35699844,55.79600143,55.13299942,55.1780014,54.68299866,52.3730011,51.11800003,50.46699905,51.13800049,52.19800186,52.875,53.9129982,56.99399948,57.88700104,58.00299835,52.62900162,50.41600037,53.6570015,55.13600159,55.99499893,56.65599823,58.34899902,58.68999863,59.95600128,59.8730011
Ethiopia,ETH,75.76799774,75.73999786,75.61299896,75.60099792,75.84600067,76.21399689,76.45800018,76.81199646,76.98300171,77.55699921,78.09899902,78.57299805,79.05400085,79.60099792,80.06500244,80.08999634,80.03099823,79.90399933,79.54299927,79.33000183,79.2440033,79.15100098,78.94599915,78.91999817,78.84899902,78.80999756,78.79299927,78.85299683
European Union,EUU,52.78796041,51.96412047,50.75877182,50.27031216,50.30106465,50.20215231,50.36404314,50.66805815,50.98828752,51.27592167,51.46972237,51.22419516,51.32138447,51.27569399,51.70456935,52.32626099,53.03486748,53.3418079,52.20351579,51.81988164,51.69844481,51.43886682,51.20028646,51.55831532,51.99802342,52.56012853,53.21573743,53.52231839
Fragile and conflict affected situations,FCS,62.01208633,61.88235763,61.64288836,61.49970069,61.39520024,61.23533946,61.04499013,60.87654722,60.57266994,60.34086184,60.03600224,59.73687891,59.55785688,59.30101843,59.04878578,58.69258802,58.31381316,57.89052152,57.34759501,56.96331977,56.75375273,56.50663937,56.47493596,56.50331204,56.43356359,56.18466904,56.08711555,55.99778295
Finland,FIN,59.61600113,55.06299973,51.47399902,50.66600037,49.65800095,49.95800018,51.00099945,52.13999939,53.70100021,54.23300171,54.91999817,54.92200089,54.64199829,54.2820015,55.51900101,56.31600189,57.10300064,57.59700012,55.45399857,54.81700134,55.16699982,55.07300186,54.20899963,53.76900101,53.31000137,53.31600189,53.66400146,53.99700165
Fiji,FJI,57.93799973,57.62799835,57.50699997,57.23099899,57.12400055,56.9090004,56.45399857,56.06499863,55.42900085,54.97800064,54.8370018,54.75299835,54.75699997,54.71500015,54.7480011,55.67200089,56.57899857,57.4980011,58.01699829,58.76399994,59.6590004,58.48099899,57.4129982,56.08000183,55.48400116,55.02000046,54.93299866,54.88399887
France,FRA,50.20999908,49.68399811,49.0340004,48.23600006,48.66799927,48.7140007,48.29899979,48.62900162,48.91600037,49.86899948,50.49000168,50.64400101,51.47100067,51.05699921,51.38600159,51.29899979,51.84400177,52.25299835,51.45999908,51.28900146,51.06900024,50.88399887,50.54499817,49.96699905,49.81999969,49.84799957,50.06100082,50.00400162
Faroe Islands,FRO,,,,,,,,,,,,,,,,,,,,,,,,,,,,
"Micronesia, Fed. Sts.",FSM,,,,,,,,,,,,,,,,,,,,,,,,,,,,
Gabon,GAB,37.75600052,37.61299896,37.29000092,37.31299973,37.28699875,37.27199936,37.48199844,37.58399963,37.5320015,37.70700073,37.89899826,38.03900146,38.15999985,38.48300171,38.90399933,39.20199966,39.35699844,39.59500122,39.34199905,39.18899918,39.4620018,39.88499832,40.25400162,40.72000122,41.06499863,41.47299957,41.81999969,41.93899918
United Kingdom,GBR,56.84999847,55.69300079,54.84600067,55.10300064,55.52999878,55.87900162,56.72299957,57.15499878,57.54899979,58.02299881,58.125,58.1609993,58.4129982,58.58599854,58.81299973,58.75699997,58.66400146,58.69499969,57.34400177,57.01900101,56.77999878,57.09000015,57.45100021,58.40299988,58.94100189,59.34899902,59.61000061,59.85300064
Georgia,GEO,64.8789978,63.47999954,63.93199921,62.39199829,62.64799881,59.30500031,58.66799927,56.41199875,56.65499878,56.63700104,58.4980011,55.66899872,57.47299957,55.58599854,54.62200165,54.76900101,55.00899887,52.19300079,52.03499985,53.55799866,54.53300095,55.65200043,55.375,57.31200027,58.52799988,58.06900024,58.0530014,58.0340004
Ghana,GHA,71.53800201,71.45400238,70.96700287,70.49900055,69.98500061,69.51100159,69.10199738,68.625,67.16899872,66.93499756,67.17500305,67.13700104,67.31400299,67.55200195,67.66799927,67.76899719,67.4509964,67.00700378,66.2539978,65.7460022,64.97499847,64.52799988,63.84400177,63.41199875,62.78499985,62.90200043,63.04899979,62.95299911
Gibraltar,GIB,,,,,,,,,,,,,,,,,,,,,,,,,,,,
Guinea,GIN,63.21300125,63.1230011,62.98500061,62.86399841,62.74900055,62.71500015,62.65399933,62.58800125,62.49000168,62.48099899,62.39599991,62.27399826,62.38600159,62.39099884,62.41600037,62.53900146,62.50400162,62.5929985,62.33100128,62.18899918,62.17699814,62.20299911,62.10499954,62.05199814,62.03499985,62.31100082,62.29299927,62.26699829
"Gambia, The",GMB,52.07500076,52.04899979,51.7879982,51.7480011,51.72100067,51.73400116,51.60900116,51.54299927,51.42499924,51.46099854,51.76100159,51.83100128,51.99399948,52.53499985,52.80899811,53.22999954,53.46500015,53.59600067,53.43600082,53.53099823,53.68199921,53.91999817,53.70999908,53.81999969,53.80400085,53.86500168,54.14899826,54.20500183
Guinea-Bissau,GNB,70.00800323,69.93599701,69.66400146,69.72699738,69.35399628,69.18900299,69.15699768,69.13999939,68.87400055,68.81199646,68.82700348,68.73100281,68.76000214,68.75499725,68.84500122,69.01499939,69.21399689,69.29699707,69.01300049,69.00900269,69.03600311,69.15200043,69.24199677,69.50299835,69.55400085,69.71099854,69.92199707,69.99299622
Equatorial Guinea,GNQ,53.95899963,53.7820015,53.7820015,54.03699875,54.33300018,54.55099869,54.04399872,54.29499817,54.02099991,54.07099915,53.97100067,54.06299973,54.21699905,54.64300156,55.20500183,55.40100098,55.76100159,56.13700104,56.36999893,56.77899933,56.58000183,56.70899963,56.62400055,56.94400024,57.07300186,56.52299881,56.4109993,56.42499924
Greece,GRC,46.11800003,46.66999817,46.13600159,46.6230011,46.95500183,47.24900055,47.09700012,47.25600052,47.06100082,47.36000061,46.88100052,47.41899872,48.04199982,48.29199982,48.27999878,49.05099869,49.3030014,49.64300156,49.04999924,47.49000168,44.20600128,40.50899887,38.68899918,38.94599915,39.87099838,40.64599991,41.68000031,42.6609993
Grenada,GRD,,,,,,,,,,,,,,,,,,,,,,,,,,,,
Greenland,GRL,,,,,,,,,,,,,,,,,,,,,,,,,,,,
Guatemala,GTM,60.41799927,60.40800095,60.26800156,60.18399811,60.18399811,60.14400101,60.18799973,60.31499863,60.34199905,60.4109993,60.57300186,60.65999985,60.7859993,60.81399918,60.61500168,60.50699997,60.37099838,60.13600159,59.63600159,59.31499863,58.73699951,64.23300171,59.40399933,60.10400009,59.88700104,60.3390007,60.59799957,60.5890007
Guam,GUM,69.04699707,68.76000214,67.46800232,65.82299805,65.40699768,64.92299652,63.73199844,64.79100037,60.23400116,59.01699829,60.22200012,61.18799973,62.20299911,63.15499878,63.3429985,62.7859993,61.87200165,61.5909996,60.76399994,61.2179985,57.58499908,58.18299866,58.41199875,60.74100113,60.97000122,61.73600006,61.59500122,61.15599823
Guyana,GUY,52.54000092,52.75,52.71699905,52.11100006,51.74300003,51.40100098,51.19800186,50.97600174,50.56299973,50.38700104,50.02399826,49.52000046,49.4109993,49.47100067,49.62400055,49.98199844,50.2519989,50.2519989,49.7120018,49.53699875,49.64599991,49.74100113,49.76599884,49.91799927,49.97200012,50.20199966,50.4109993,50.46099854
High income,HIC,56.59908743,56.12049606,55.56224198,55.61201234,55.81001994,55.86471306,56.13023513,56.11662998,56.26596301,56.57587328,56.3982713,56.065194,55.959728,56.03184837,56.42040002,56.8767751,57.29367768,57.265035,55.77078435,55.42473387,55.48771039,55.54638824,55.58033564,55.95328746,56.33558154,56.76763875,57.24533783,57.39192123
"Hong Kong SAR, China",HKG,62.54499817,61.4980011,60.91899872,60.70299911,59.93899918,59.83200073,59.94800186,58.47000122,57.41600037,58.22499847,58.09600067,57.08100128,56.39899826,57.01499939,57.49399948,57.89899826,58.39799881,58.20899963,57.06399918,56.56600189,57.54499817,58.08200073,58.7480011,58.64300156,58.72000122,58.57400131,58.64899826,58.59000015
Honduras,HND,63.0530014,64.20999908,64.39600372,64.40599823,64.39199829,63.77799988,64.68000031,64.37000275,64.51100159,63.39199829,62.39099884,62.10499954,61.00999832,60.29999924,60.7179985,60.05699921,59.34500122,60.09899902,61.0870018,61.68899918,59.4280014,59.02799988,61.56700134,62.03900146,62.6780014,61.93399811,62.56200027,62.55199814
Heavily indebted poor countries (HIPC),HPC,69.59518786,69.56205735,69.34864947,69.29387162,69.25075077,69.26811975,69.26921278,69.29793607,69.08912283,69.082751,69.10225131,69.07842789,69.10335043,69.22303711,69.30274034,69.3005652,69.21338795,68.99227659,68.43241127,68.01110187,67.82179369,67.64899221,67.63964321,67.64633387,67.47507223,67.54306375,67.6138157,67.58872505
Croatia,HRV,51.19800186,50.8429985,50.43199921,50.16799927,49.90499878,49.74200058,49.35699844,48.10699844,46.63800049,45.02799988,44.85800171,44.41999817,45.04399872,46.18099976,46.58399963,46.85100174,47.8429985,48.73899841,48.36500168,46.55799866,44.7859993,43.22000122,42.09700012,43.35800171,44.33499908,44.74100113,46.06999969,47.11299896
Haiti,HTI,62.56800079,62.23300171,61.81000137,61.40000153,61.02600098,60.70299911,60.16500092,59.74599838,59.24200058,58.1269989,57.46099854,56.69599915,56.1590004,55.50099945,54.88000107,54.48099899,54.06299973,54.82099915,54.86500168,55.37900162,56.13100052,56.93600082,57.18500137,57.58499908,57.9280014,58.19800186,58.56399918,58.69900131
Hungary,HUN,49.22999954,48.98500061,45.97700119,45.00899887,44.4109993,43.27500153,42.98300171,43.5929985,45.36800003,45.77500153,45.98400116,46.03300095,46.74300003,46.48300171,46.54199982,46.77000046,46.62799835,46.09700012,44.9679985,44.85900116,45.15599823,45.90100098,46.75799942,49.49499893,51.07799911,52.90100098,53.91600037,54.09500122
IBRD only,IBD,64.36405742,64.33825746,63.97843721,63.68932245,63.30740804,62.98046332,62.73299639,62.42406042,62.20136973,62.00361599,61.60244577,61.14164243,60.75828375,60.76208896,60.64036375,60.45105416,60.37160437,60.0727059,59.5423458,59.27632471,59.05206801,58.83265381,58.69781165,58.55595405,58.34245408,58.10004463,58.00460955,57.77792332
IDA & IBRD total,IBT,64.10279594,64.06673296,63.71906401,63.46600297,63.11557583,62.83493741,62.63183717,62.35855813,62.1535778,61.98653168,61.64632326,61.23953646,60.92164188,60.92650995,60.81473637,60.65804204,60.58585178,60.31302803,59.81927146,59.59580237,59.40097974,59.21046962,59.09118353,58.98622533,58.80990809,58.60782726,58.60891857,58.44574949
IDA total,IDA,62.82011719,62.74632045,62.46990669,62.40144501,62.21113837,62.15377847,62.16253804,62.05762237,61.93609122,61.90950126,61.84246191,61.67345838,61.63968542,61.64274136,61.56681079,61.5415561,61.49026176,61.31566062,60.96047586,60.89500692,60.80186046,60.70745641,60.62842515,60.6440111,60.58521842,60.50863101,60.83816373,60.8719319
IDA blend,IDB,55.92347678,55.82249492,55.38553155,55.32168519,54.81854626,54.79301998,54.96108608,54.76142483,54.78055788,54.96182384,54.83154211,54.69985035,54.80879956,54.89900635,54.70260804,54.65721654,54.80985969,54.73894819,54.66309967,54.66607096,54.75948821,54.76136906,54.669489,54.7630325,54.6705444,54.54989386,54.71023813,54.7725909
Indonesia,IDN,62.58100128,63.38999939,63.18099976,63.13899994,63.09700012,63.02899933,63.01200104,63.33300018,63.51800156,63.15299988,62.32899857,60.8730011,60.44499969,60.2859993,58.82600021,59.14400101,60.82699966,61.68399811,62.4070015,63.22399902,63.67699814,64.66100311,64.1740036,64.1969986,63.62099838,63.48500061,64.35500336,64.23799896
IDA only,IDX,66.39528082,66.32897227,66.12999737,66.05394519,66.02060149,65.95023145,65.88047031,65.82822063,65.63725527,65.50807644,65.47735332,65.29374897,65.19109879,65.15334996,65.14325182,65.13237151,64.9762301,64.7477438,64.24705295,64.14926043,63.95803544,63.81161936,63.73796016,63.71040006,63.66482576,63.60453038,64.01399596,64.0245095
Isle of Man,IMN,,,,,,,,,,,,,,,,,,,,,,,,,,,,
India,IND,57.2140007,57.16999817,57.08499908,57.11700058,56.93600082,56.70999908,56.5359993,56.31900024,56.0909996,55.92300034,56.01800156,56.09600067,56.21500015,56.47000122,56.68500137,55.98799896,55.29999924,54.51800156,53.56800079,52.76900101,51.81600189,50.84600067,50.77999878,50.79899979,50.75600052,50.7120018,50.71699905,50.60100174
Not classified,INX,,,,,,,,,,,,,,,,,,,,,,,,,,,,
Ireland,IRL,47.59999847,46.87900162,47.0929985,48.21699905,49.81700134,50.67300034,52.17100143,55.45500183,58.06399918,59.82899857,60.13299942,59.9280014,59.94499969,60.19300079,62.22399902,62.88800049,63.08499908,61.33599854,56.10400009,53.83200073,52.73899841,52.40800095,53.73099899,54.67399979,55.81700134,56.94800186,57.72299957,57.99000168
"Iran, Islamic Rep.",IRN,40.53099823,40.33300018,39.86299896,39.48500061,39.27199936,39.05400085,38.93000031,38.81200027,38.78699875,38.95000076,39.23199844,39.45500183,40.61500168,41.83200073,41.67900085,41.18799973,40.60599899,38.73099899,38.55500031,37.32400131,37.42399979,37.01399994,37.61600113,37.22999954,38.06299973,38.82400131,38.88600159,38.76499939
Iraq,IRQ,37.87400055,38.2140007,38.17200089,38.22399902,38.27199936,38.35300064,38.41999817,38.38600159,38.34600067,38.43399811,38.39699936,38.31800079,38.25500107,38.22299957,38.32699966,38.45100021,38.59799957,38.79999924,38.54000092,38.63499832,38.81600189,38.93000031,38.85100174,39.13499832,39.0929985,38.77399826,39.14099884,39.17599869
Iceland,ISL,72.36399841,71.96800232,70.52100372,70.5059967,72.73100281,72.79299927,71.85700226,73.6780014,75.54599762,76.84899902,76.6309967,74.70899963,73.71499634,73.3010025,73.83799744,74.45400238,74.99299622,73.83000183,69.25099945,69.23600006,69.09100342,69.88999939,71.05699921,72.53399658,73.95400238,75.42299652,74.52600098,74.09700012
Israel,ISR,51.23600006,51.19599915,53.13800049,55.51900101,56.41500092,55.97700119,54.76900101,53.88100052,53.93500137,54.41899872,53.97000122,52.67200089,52.57500076,53.31000137,54.7140007,55.49399948,56.81800079,57.91799927,56.76499939,57.68600082,58.375,59.1969986,59.77299881,60.375,60.76399994,61.14599991,61.40599823,61.52299881
Italy,ITA,45.47900009,44.22200012,43.35200119,42.44599915,41.81000137,41.79999924,41.71099854,41.8429985,42.24200058,42.64599991,43.39699936,43.97299957,44.50299835,45.68199921,45.2120018,45.61700058,45.68399811,45.64300156,44.52999878,43.95800018,43.85400009,43.52700043,42.44599915,42.35300064,42.61199951,43.13700104,43.61600113,43.91799927
Jamaica,JAM,58.04700089,58.59799957,58.26100159,59.20800018,58.12900162,57.77099991,56.91199875,56.73300171,56.37099838,56.26699829,56.44900131,56.68500137,58.01100159,58.1230011,58.10900116,58.58300018,58.82600021,58.30899811,57.4980011,56.70100021,56.34999847,55.4090004,55.17699814,56.34899902,56.59899902,57.68299866,59.09999847,60.73699951
Jordan,JOR,32.97499847,32.92599869,33.34700012,34.83100128,36.22700119,36.65800095,36.5320015,36.44100189,36.29800034,36.26599884,35.76499939,35.17300034,34.96699905,34.89899826,34.84000015,34.97200012,36.54000092,36.46900177,37.10300064,36.62900162,35.88899994,35.41199875,34.33100128,34.60900116,34.16899872,33.34000015,33.51300049,33.39300156
Japan,JPN,62.58100128,62.79399872,62.43799973,61.97200012,61.58399963,61.5340004,61.71300125,60.95299911,60.08200073,59.64699936,59.12900162,58.22600174,57.93000031,57.86000061,57.94400024,58.05199814,58.33499908,58.1590004,57.29199982,57.01100159,56.89799881,56.73099899,57.22800064,57.66600037,57.95000076,58.58000183,59.18299866,59.24700165
Kazakhstan,KAZ,70.54599762,70.43699646,70.43199921,66.03600311,63.66400146,62.14799881,62.00999832,61.93099976,61.62099838,61.9109993,63.18600082,63.67699814,63.69499969,63.4129982,63.84899902,64.27100372,64.89600372,65.65200043,65.42700195,66.27200317,66.56700134,66.73999786,66.94100189,67.30200195,67.42099762,67.48000336,67.46700287,67.33899689
Kenya,KEN,65.95200348,65.71299744,65.43499756,65.22299957,65.0490036,64.83599854,64.7990036,64.71600342,64.61599731,63.76699829,62.78099823,61.60499954,60.51699829,59.4980011,58.4980011,58.92399979,59.4280014,59.83200073,59.63299942,59.68000031,59.83800125,59.9109993,59.83200073,59.9620018,59.90100098,59.92200089,60.15000153,60.1269989
Kyrgyz Republic,KGZ,61.58399963,62.15999985,61.38399887,61.38999939,61.0719986,59.83499908,59.49900055,58.62200165,58.93600082,59.44200134,59.21300125,56.29000092,57.64799881,58.24700165,59.58800125,60.25099945,59.85599899,59.22700119,58.47399902,58.54499817,59.03300095,58.54100037,57.31000137,57.37400055,57.69300079,57.17499924,57.40299988,57.1570015
Cambodia,KHM,78.32299805,78.56199646,78.72100067,78.70700073,78.61000061,78.38600159,78.34999847,78.12200165,77.95800018,76.6760025,81.89600372,81.31199646,80.52899933,79.31800079,80.31500244,81.38899994,82.34700012,83.17500305,83.68599701,84.21499634,83.45200348,82.63700104,81.77100372,80.94200134,80.07700348,80.09100342,80.11199951,80.27600098
Kiribati,KIR,,,,,,,,,,,,,,,,,,,,,,,,,,,,
St. Kitts and Nevis,KNA,,,,,,,,,,,,,,,,,,,,,,,,,,,,
"Korea, Rep.",KOR,58.8730011,58.98199844,58.71699905,59.70899963,60.38000107,60.75699997,60.9070015,56.48400116,56.80400085,58.44200134,58.80899811,59.80599976,59.19100189,59.80699921,59.77999878,59.81600189,59.92499924,59.42599869,58.47000122,58.50699997,58.84199905,59.18999863,59.38600159,60.11399841,60.2120018,60.33399963,60.60900116,60.57699966
Kuwait,KWT,65.51899719,65.94799805,66.8010025,68.01899719,69.19999695,68.86499786,68.65799713,68.61100006,68.97699738,69.13899994,68.93699646,68.75099945,68.3219986,68.22799683,68.68499756,68.55899811,68.46099854,68.73400116,69.93000031,70.7990036,71.11199951,71.39900208,71.83599854,72.31999969,73.33599854,72.73000336,72.63200378,72.38400269
Latin America & Caribbean (excluding high income),LAC,57.84815459,58.24884544,58.58668231,58.52554107,57.91890109,57.43474382,58.17746578,58.13019909,57.67056878,57.65556561,58.08203395,58.13093012,58.23632103,59.18543762,59.62264482,60.21957821,60.31805947,60.55741313,60.1449118,60.06236947,60.01864195,60.59436693,60.40778144,60.29577926,60.01596984,59.18687932,59.08884021,59.07570029
Lao PDR,LAO,79.42500305,79.34500122,79.1760025,79.02100372,78.88800049,78.83200073,78.81500244,78.76399994,78.58000183,78.44300079,78.36399841,78.14800262,78.01599884,77.8690033,77.73999786,77.76000214,77.7559967,77.69200134,77.51599884,77.49900055,77.49700165,77.52700043,77.53299713,77.5759964,77.59999847,77.61199951,77.63600159,77.73699951
Lebanon,LBN,40.18899918,40.28300095,40.09700012,39.95399857,39.92599869,39.81399918,40.06000137,40.2140007,40.43600082,40.72999954,41.20700073,41.6230011,42.0870018,42.34000015,42.32699966,42.35900116,42.39199829,42.82500076,42.9090004,42.69200134,42.9659996,43.1780014,43.40100098,43.66199875,43.92399979,44.07899857,44.30899811,44.34700012
Liberia,LBR,54.58300018,55.04600143,55.36999893,55.58399963,55.56100082,55.41999817,54.52000046,54.24399948,53.99700165,53.71099854,53.86600113,53.87799835,54.5019989,54.61500168,54.74000168,54.90599823,55.06800079,55.19100189,55.11500168,55.13100052,55.0929985,55.04000092,54.9280014,54.9659996,54.9679985,54.98600006,54.98300171,54.93600082
Libya,LBY,36.9469986,37.01900101,37.07799911,37.15000153,37.22399902,37.38800049,37.48099899,37.54700089,37.71099854,38.13299942,39.28699875,39.77600098,39.7820015,39.93899918,40.22999954,40.54899979,41.05699921,41.66799927,41.57500076,41.48500061,41.86199951,41.18099976,42.20199966,43.56800079,44.16899872,44.21900177,43.38499832,43.32400131
St. Lucia,LCA,52.42300034,52.56900024,52.46500015,52.48600006,53.33100128,53.09500122,50.51900101,49.8370018,52.11299896,53.20100021,52.1609993,51.18099976,50.48099899,51.7840004,53.65200043,55.7879982,57.26599884,58.19499969,56.27299881,54.89300156,53.94200134,53.93600082,51.98199844,51.44300079,50.97100067,52.9679985,53.41400146,53.44200134
Latin America & Caribbean,LCN,57.43681106,57.85557641,58.19349501,58.1384068,57.61819945,57.13681843,57.86059102,57.82453497,57.32727245,57.31017585,57.70055932,57.73753989,57.86400396,58.79064498,59.24900083,59.85623988,59.99696002,60.26323669,59.80754081,59.78230582,59.80005143,60.3685254,60.20777026,60.10019068,59.83996,59.0472906,58.96279414,58.95068363
Least developed countries: UN classification,LDC,67.03887548,67.00796525,66.82678075,66.76041553,66.7334096,66.74305046,66.66861987,66.68371545,66.51192686,66.37754781,66.38789306,66.22364632,66.10579135,66.08840475,66.13600409,66.20408085,66.15095735,66.01395879,65.55702503,65.49553919,65.3427066,65.17217649,65.02244412,64.95792919,64.89225353,64.81297381,65.22011746,65.2286179
Low income,LIC,71.97116808,71.90174157,71.6582962,71.51585972,71.44013341,71.38219353,71.28529867,71.22516731,71.07810081,71.00454716,70.92177774,70.8163352,70.80046627,70.8087795,70.77446406,70.60360125,70.38418723,70.08808186,69.55137876,69.22026387,69.04566918,68.92203608,68.863307,68.85956247,68.82948077,68.89145696,69.0341247,69.02053907
Liechtenstein,LIE,,,,,,,,,,,,,,,,,,,,,,,,,,,,
Sri Lanka,LKA,51.18199921,49.2480011,49.5909996,50.16699982,48.79800034,49.46500015,50.0320015,54.05400085,52.75,52.51499939,52.29700089,51.70999908,51.92699814,51.73300171,52.00500107,52.5870018,52.77000046,53.0359993,52.5019989,52.02000046,52.13700104,51.38700104,52.59700012,51.70899963,51.02899933,50.75699997,50.49200058,50.18099976
Lower middle income,LMC,58.16528935,58.21523003,58.0351453,58.05106286,57.78590525,57.59376253,57.44041809,57.28800868,57.16464351,57.03590968,56.9270473,56.74671181,56.73543052,56.86207516,56.81152095,56.56896733,56.49830774,56.16781503,55.73123468,55.52299139,55.09330462,54.68278934,54.60881258,54.59644921,54.41330423,54.3027376,54.41133885,54.35385618
Low & middle income,LMY,64.30705111,64.26885051,63.92543235,63.68208902,63.32595717,63.04539843,62.83807647,62.5610467,62.3787013,62.22480479,61.88606797,61.4886241,61.16639867,61.16612695,61.03813218,60.86404294,60.76872876,60.47136106,59.97907362,59.74689176,59.54324087,59.34766002,59.22496633,59.10920104,58.92461407,58.71346447,58.70453248,58.53480426
Lesotho,LSO,47.68199921,47.56399918,47.25,46.75600052,46.88199997,46.81000137,46.16699982,46.70399857,46.93299866,47.0019989,47.19300079,47.10100174,47.22900009,47.58599854,47.89799881,48.66400146,49.38100052,49.86100006,49.32600021,49.25899887,49.40200043,49.79700089,49.92300034,50.14699936,50.26900101,50.50999832,51.04499817,51.16500092
Late-demographic dividend,LTE,71.31696383,71.28240203,70.91999744,70.43374993,70.17462579,69.71400764,69.32070301,68.88574615,68.69222068,68.59607515,67.99639124,67.39837834,66.68771265,66.40685726,66.13532724,65.93668771,65.88157788,65.62045813,65.17557737,65.03169008,65.02740776,65.01345106,64.88505087,64.77761895,64.50245295,64.09913515,63.90296733,63.59185642
Lithuania,LTU,61.64400101,61.42599869,53.48300171,53.34199905,50.89099884,51.37900162,52.52999878,52.54499817,52.93199921,50.54499817,48.8409996,50.52000046,52.40499878,51.03300095,51.50500107,52.04299927,53.21500015,52.65100098,48.85200119,46.81700134,48.9469986,50.38399887,51.42300034,52.7859993,53.85900116,55.76900101,56.60400009,57.34600067
Luxembourg,LUX,51.10599899,51.6269989,50.9109993,50.26499939,48.82400131,49.14199829,49.71500015,49.78300095,50.81499863,52.11999893,51.86600113,52.45199966,51.24200058,51.33200073,52.3370018,52.6629982,52.76399994,52.22399902,54.34400177,54.49599838,54.06700134,55.0340004,54.87900162,55.5719986,55.40399933,54.31800079,55.00899887,54.93600082
Latvia,LVA,59.57400131,56.93299866,50.6629982,49.19200134,48.7859993,47.5340004,51.00500107,50.32099915,49.59999847,48.08800125,48.54700089,49.80500031,50.09400177,50.54999924,51.51699829,54.85900116,56.55899811,56.73300171,49.56700134,47.49300003,49.14400101,50.82500076,52.40200043,52.93799973,54.29499817,54.875,55.93600082,56.24900055
"Macao SAR, China",MAC,55.80799866,57.05099869,57.2159996,56.99200058,57.81299973,64.83100128,64.68599701,63.11899948,61.62599945,60.90000153,61.72100067,59.91999817,58.60300064,60.13600159,61.74900055,63.64099884,66.52500153,67.79799652,67.90799713,68.79699707,69.45300293,69.54599762,69.77100372,70.57299805,70.30999756,69.45400238,69.45800018,69.31300354
St. Martin (French part),MAF,,,,,,,,,,,,,,,,,,,,,,,,,,,,
Morocco,MAR,43.77399826,44.04000092,43.97100067,43.42200089,43.87799835,43.2859993,43.63499832,43.43399811,43.44400024,43.68799973,44.13600159,44.31600189,44.58300018,45.30799866,45.02500153,45.38899994,45.30099869,45.03699875,45.34400177,45.29000092,45.36399841,44.73500061,44.28699875,43.32899857,42.68000031,42.00500107,41.33200073,41.2519989
Monaco,MCO,,,,,,,,,,,,,,,,,,,,,,,,,,,,
Moldova,MDA,48.06999969,48.14699936,48.09799957,48.51699829,48.71699905,47.4620018,47.17499924,46.25899887,45.69599915,46.85300064,47.06900024,46.92100143,46.0719986,45.75899887,44.87599945,43.48799896,43.2179985,42.34700012,39.92699814,38.6230011,39.49300003,38.48199844,39.34600067,39.70800018,42.47399902,41.00400162,40.61500168,40.62099838
Madagascar,MDG,82.01300049,81.88700104,81.59600067,81.47899628,81.43599701,81.45500183,81.45999908,81.58499908,81.46499634,81.54000092,81.95800018,82.37400055,82.77999878,83.8730011,84.58799744,85.03700256,85.53800201,85.91100311,85.58100128,85.23999786,86.90299988,87.81800079,87.01899719,86.07700348,84.97899628,84.90599823,84.88700104,84.97599792
Maldives,MDV,49.32699966,49.5929985,49.87900162,50.17399979,50.45800018,50.99399948,51.50799942,52.0359993,52.55500031,53.22499847,53.56399918,54.0359993,54.67300034,55.48799896,56.4070015,57.05899811,57.91600037,58.79800034,59.45000076,60.26900101,61.08300018,61.93399811,62.69599915,63.54000092,62.67300034,61.46500015,61.33300018,61.41999817
Middle East & North Africa,MEA,42.46176378,42.10161741,41.75162807,41.81869302,41.60751622,41.64946809,41.62371813,41.3201567,41.53183749,41.37627666,41.27071733,41.07520988,41.46179586,42.21659546,42.36809495,42.69676415,43.07462782,42.91966415,43.10402763,43.22094492,43.00236452,43.00384449,43.36679619,43.15082835,43.07756474,43.25198753,43.24270499,43.24929516
Mexico,MEX,56.88600159,57.47700119,58.11000061,57.39599991,55.70399857,56.73300171,58.81399918,58.97399902,58.93199921,58.77000046,58.20600128,58.09700012,57.32300186,58.31200027,58.875,59.60100174,59.66699982,59.24399948,58.2519989,58.09899902,58.2140007,59.02799988,58.80699921,58.2879982,58.69200134,58.89899826,59.00500107,59.08000183
Marshall Islands,MHL,,,,,,,,,,,,,,,,,,,,,,,,,,,,
Middle income,MIC,63.75717762,63.71653318,63.36092594,63.10487543,62.72223978,62.42235049,62.20297229,61.90507836,61.71527452,61.55034326,61.18649818,60.76045744,60.40771363,60.39926584,60.25511154,60.07128006,59.9756423,59.66693779,59.16671533,58.93105297,58.71392597,58.50049158,58.35989649,58.22093775,58.0080462,57.75608096,57.71628647,57.51356284
North Macedonia,MKD,36.13999939,36.0719986,35.49499893,35.07799911,35.08300018,34.96099854,34.59700012,35.07500076,35.87400055,36.05400085,37.02600098,36.35800171,34.06399918,33.85300064,33.83800125,34.5320015,35.42699814,36.45700073,37.56999969,37.81600189,38.06100082,38.02700043,39.58499908,40.22000122,41.04299927,41.9280014,42.80599976,43.18099976
Mali,MLI,67.65599823,67.63600159,67.51899719,67.53199768,67.53199768,67.47899628,67.55699921,67.11799622,66.55699921,66.18900299,65.70500183,65.14600372,64.70700073,64.33799744,63.54600143,63.06299973,62.54600143,63.76300049,64.34300232,65.35099792,66.2519989,66.19100189,66.07800293,66.73400116,65.56700134,64.12599945,64.30699921,64.19999695
Malta,MLT,46.71500015,46.34199905,46.31100082,46.18999863,45.98799896,46.1969986,46.27099991,46.45899963,46.50299835,46.96500015,46.91899872,46.67100143,46.03099823,44.72399902,45.02299881,45.24100113,46.0719986,46.39599991,46.05699921,46.6590004,47.70999908,48.39300156,49.41999817,50.56900024,51.27299881,52.07400131,52.33599854,52.21500015
Myanmar,MMR,73.32499695,73.02999878,72.8030014,72.57099915,72.38300323,72.20800018,72.05999756,71.91600037,71.54000092,71.09700012,70.72499847,70.29399872,69.83899689,69.41400146,68.97399902,68.55899811,68.16300201,67.77400208,67.24299622,66.80999756,66.54100037,66.21299744,65.84600067,65.49099731,65.14499664,63.19599915,61.31299973,61.05699921
Middle East & North Africa (excluding high income),MNA,40.91829166,40.73034518,40.2831541,40.2963203,39.84283251,39.97459752,40.02805498,39.7278292,39.95633793,39.67791288,39.58361919,39.39947624,39.79122503,40.54834844,40.55342978,40.76046659,40.93750164,40.48347868,40.52544442,40.36610962,39.90446929,39.67881922,39.94061366,39.55318487,39.28883168,39.45332551,39.41114683,39.38621411
Montenegro,MNE,37.82899857,37.63399887,37.15499878,37.01900101,36.80599976,36.72499847,36.43500137,36.26399994,35.9659996,35.76800156,35.76399994,35.30599976,35.08599854,35.17300034,35.29000092,38.01800156,40.53099823,41.48799896,40.27899933,39.74000168,39.43899918,39.56900024,40.22000122,41.35599899,41.97999954,41.91500092,42.69200134,42.83300018
Mongolia,MNG,54.43199921,55.29499817,55.81000137,56,55.93999863,56.10100174,56.22499847,56.36399841,56.42499924,56.57400131,56.59400177,56.28499985,55.65299988,55.00500107,54.70600128,54.93600082,54.74499893,55.74200058,55.65999985,55.15100098,57.1780014,57.08499908,57.31900024,57.36999893,57.40499878,54.99499893,56.09600067,56.0870018
Northern Mariana Islands,MNP,,,,,,,,,,,,,,,,,,,,,,,,,,,,
Mozambique,MOZ,82.23699951,82.14199829,81.8809967,81.77600098,81.86000061,81.6230011,81.62000275,82.25,82.77600098,83.04499817,83.04000092,83.10900116,83,82.43499756,82.05899811,81.76599884,81.40499878,80.88200378,79.94799805,79.31400299,78.78199768,78.50800323,77.85500336,77.15799713,76.18299866,76.13500214,76.19999695,76.03399658
Mauritania,MRT,45.05500031,45.04700089,44.68899918,45.42599869,44.66199875,44.57600021,44.65399933,44.64899826,44.62400055,44.77000046,44.41999817,43.70899963,43.51300049,43.63999939,43.63700104,42.97399902,42.77399826,42.67900085,41.85100174,41.58599854,41.38999939,41.27399826,41.2879982,41.26300049,41.11800003,41.38899994,41.50600052,41.49100113
Mauritius,MUS,54.3370018,54.30799866,54.18500137,54.19900131,54.16600037,53.95500183,53.86600113,53.77999878,53.61700058,53.50999832,53.51900101,53.97200012,53.73899841,53.54800034,53.27500153,53.32600021,52.84999847,53.56200027,53.4469986,53.86100006,53.1969986,53.36399841,54.39599991,54.58499908,54.93299866,54.65599823,54.4659996,54.17100143
Malawi,MWI,71.72799683,71.80599976,71.22499847,71.40100098,71.01899719,70.90499878,70.86299896,70.93099976,70.85600281,70.8809967,70.91400146,70.85199738,70.83899689,70.88500214,71.08599854,71.66100311,72.19300079,72.46199799,72.31999969,72.44499969,72.46900177,72.66799927,72.88200378,72.83799744,72.84700012,72.83000183,72.98999786,73.13800049
Malaysia,MYS,59.97000122,59.80599976,59.4469986,59.62400055,59.80599976,60.06499863,60.03900146,59.86399841,59.66999817,59.82600021,59.42399979,59.29999924,59.08800125,59.01399994,58.97399902,58.92599869,58.76800156,58.14699936,58.17900085,58.35800171,59.52199936,60.45800018,61.81399918,62.24000168,62.34400177,62.13100052,62.20700073,62.42499924
North America,NAC,60.51926738,60.19465955,60.42071357,61.30609612,61.7328474,61.97411041,62.57237756,62.9174382,63.22859092,63.4813974,62.71035827,61.8449819,61.46258835,61.51977938,61.79449694,62.17916283,62.0906211,61.41493136,58.66010715,57.84861173,57.7929421,58.19161531,58.27934808,58.66327613,58.97873897,59.31129871,59.76004199,59.76851396
Namibia,NAM,45.41799927,45.52500153,45.4109993,45.63499832,44.18500137,42.84199905,41.39899826,42.82699966,43.89199829,44.9640007,45.11299896,44.7519989,44.61000061,44.5,44.67499924,45.20000076,45.57899857,45.94200134,45.11700058,44.88600159,46.53900146,48.48500061,49.47700119,49.6629982,47.93600082,46.07600021,46.45700073,46.7840004
New Caledonia,NCL,52.92900085,53.15399933,53.34700012,53.72399902,54.01699829,54.20399857,54.48600006,54.6629982,54.73400116,54.88100052,55.01900101,54.98899841,54.98699951,55.03699875,55.30599976,55.49300003,55.57500076,55.44499969,54.7140007,54.10400009,53.97700119,53.86500168,53.7480011,53.80899811,53.94300079,54.00899887,54.06700134,54.06999969
Niger,NER,78.04000092,78.06199646,77.95700073,77.9489975,77.90799713,77.94499969,78.00900269,78.02300262,78.06700134,78.16699982,78.15100098,77.79799652,77.42700195,77.09200287,76.8789978,77.54199982,78.05599976,78.4280014,78.55400085,78.79799652,78.89499664,78.80699921,78.76000214,78.70300293,78.6780014,78.59400177,78.54399872,78.5039978
Nigeria,NGA,53.86600113,53.79299927,53.54100037,53.3370018,53.29000092,53.18700027,53.09400177,53.00699997,52.95899963,52.91400146,52.86500168,52.82699966,52.79600143,52.55799866,52.63399887,52.77000046,52.92900085,52.98199844,52.84700012,52.88899994,52.97499847,53.02399826,53.05899811,52.65299988,52.20000076,51.7519989,51.90100098,51.87799835
Nicaragua,NIC,56.0340004,55.56900024,55.00099945,54.64799881,54.36500168,54.91799927,55.47900009,56.00400162,56.52099991,57.15999985,57.30400085,57.33499908,57.47000122,58.34400177,59.12599945,59.32500076,60.01900101,59.60900116,58.75999832,59.35400009,60.68000031,61.82699966,62.15100098,62.99900055,63.27899933,63.50699997,63.74300003,63.68700027
Netherlands,NLD,52.77899933,54.06200027,53.85100174,53.97000122,54.25400162,55.19400024,56.92499924,58.31499863,59.5359993,61.125,62.12200165,62.45100021,61.77899933,61.2859993,61.3219986,62.17699814,63.47499847,64.33599854,64.09899902,61.81299973,60.93799973,60.83399963,59.82899857,59.26699829,59.66699982,59.88700104,60.50500107,60.91500092
Norway,NOR,58.47700119,58.08399963,57.85300064,58.69599915,59.10300064,61.12900162,62.77600098,64.36199951,64.46099854,64.60199738,64.37599945,64.38400269,63.02600098,62.92300034,62.55400085,63.44900131,64.74099731,65.69200134,64.37000275,63.37799835,63.10200119,63.25500107,62.76699829,62.4640007,62.10200119,61.36000061,60.94400024,60.99000168
Nepal,NPL,84.48500061,84.55200195,84.55999756,84.60299683,84.76300049,84.70300293,84.6210022,84.58999634,84.44100189,84.1740036,83.87400055,83.59300232,83.28399658,83.02999878,82.76100159,82.51799774,82.27200317,81.91600037,81.65200043,81.625,81.71700287,81.76799774,81.8690033,81.95800018,81.92099762,81.89700317,81.98100281,81.91999817
Nauru,NRU,,,,,,,,,,,,,,,,,,,,,,,,,,,,
New Zealand,NZL,56.66799927,56.24499893,56.72499847,58.35499954,60.0909996,60.94499969,60.41799927,59.47499847,60.01599884,60.73099899,61.81100082,62.57699966,62.66999817,63.7120018,64.61599731,65.11299896,65.48699951,65.03299713,63.35100174,62.79800034,63.13999939,62.66199875,63.33599854,64.46299744,64.66600037,65.77300262,66.76300049,66.83000183
OECD members,OED,56.45740564,56.00677971,55.36000716,55.45998998,55.52250775,55.66495425,56.00459859,56.03062299,56.16135869,56.32629706,56.08920373,55.72924128,55.50082451,55.54691145,55.92342126,56.36603791,56.70351451,56.60901698,55.10770425,54.80759269,54.92398935,55.00641474,55.01671129,55.28146738,55.6582709,56.09467447,56.57366942,56.69737255
Oman,OMN,54.67100143,55.54600143,56.32500076,57.08399963,57.51200104,56.2859993,54.9129982,53.81900024,53.0379982,52.38999939,52.19900131,52.3370018,52.70500183,52.88800049,53.23899841,53.80899811,54.82799911,56.13199997,57.39400101,59.14699936,60.67900085,62.31600189,64.03600311,65.83599854,67.52999878,68.12599945,68.81099701,69.3730011
Other small states,OSS,54.09693896,53.69701702,53.13927817,52.86829341,52.53054971,52.25819778,51.96382621,52.10561078,51.95500787,52.09053193,52.15259413,52.11321823,52.22032024,52.65030627,53.19355844,54.22460123,55.06112985,55.78791777,55.53303668,55.54081256,56.12803804,56.67745918,57.15003179,57.54949749,57.89507335,57.92200251,58.26935135,58.43943835
Pakistan,PAK,50.27299881,50.20800018,49.65299988,49.9679985,48.84500122,49.40800095,50.02999878,49.99200058,50.23600006,50.62900162,50.44200134,50.33599854,50.78499985,51.27000046,50.88399887,50.49100113,50.56499863,50.52899933,50.92300034,51.22700119,51.1609993,51.05500031,50.73899841,51.2140007,51.26699829,51.33499908,51.48400116,51.69300079
Panama,PAN,56.59199905,57.60800171,58.51499939,58.81900024,59.85599899,59.84400177,59.84600067,59.99599838,60.01499939,60.29499817,60.47600174,60.64199829,60.9980011,61.47900009,61.81999969,61.16400146,62.00600052,63.6590004,62.2859993,61.16199875,60.86100006,62.65100098,63.58499908,62.90100098,62.94200134,63.20899963,63.86199951,63.80599976
Peru,PER,55.5719986,56.68700027,57.63600159,58.66699982,60.43799973,62.05899811,63.70800018,64.49099731,65.375,63.76200104,66.71700287,68.36699677,69.72000122,71.28800201,69.13800049,72.40399933,74.58100128,74.77600098,75.30500031,76.32700348,75.89700317,76.06300354,75.44000244,74.89299774,73.78600311,72.82800293,74.36000061,75.04199982
Philippines,PHL,60.45000076,60.64500046,60.62200165,60.47299957,60.4280014,60.2840004,60.23199844,60.38700104,60.16400146,60.10499954,60.08300018,59.93500137,59.44499969,59.51499939,59.5359993,59.47200012,59.80899811,59.59500122,59.88100052,59.97000122,60.66199875,60.25999832,60.00400162,60.57300186,60.61399841,60.51800156,58.2140007,58.33399963
Palau,PLW,,,,,,,,,,,,,,,,,,,,,,,,,,,,
Papua New Guinea,PNG,70.39800262,69.60399628,68.35099792,68.08200073,68.55699921,68.15699768,68.68499756,69.23899841,69.31700134,69.85600281,67.95800018,65.90000153,63.86700058,61.77799988,59.58300018,57.34500122,54.99499893,52.54800034,49.83300018,47.25899887,47.00999832,46.84999847,46.72200012,46.23199844,45.89599991,45.9090004,45.93799973,45.72700119
Poland,POL,53.59500122,53.28300095,52.36100006,51.13499832,50.74399948,50.73500061,50.65100098,50.81999969,48.8370018,47.09400177,46.21099854,44.51499939,44.32500076,44.14199829,45.30500031,46.69599915,48.84000015,50.70800018,50.74100113,50.52999878,50.67300034,50.70800018,50.63999939,51.73199844,52.43000031,53.35699844,54.33599854,54.76800156
Pre-demographic dividend,PRE,63.37988089,63.40360321,63.21101954,63.15660583,63.10832807,63.08361471,62.98948445,62.97203742,62.78613208,62.64028327,62.52793782,62.3698569,62.27667267,62.21221088,62.25634737,62.38946439,62.51394107,62.447958,62.02034196,61.73466896,61.68839721,61.60802175,61.59391704,61.49413679,61.32969525,61.23471513,61.38965282,61.3629614
Puerto Rico,PRI,38.19800186,37.7820015,39.04700089,39.71699905,39.60800171,40.56700134,41.30199814,41.45999908,42.11600113,41.73899841,41.40000153,41.41600037,41.54700089,42.11999893,41.99200058,42.40000153,41.81900024,40.7120018,38.55400085,37.52099991,37.19200134,37.21099854,36.78499985,36.43600082,36.70600128,36.73600006,36.89899826,36.52199936
"Korea, Dem. People’s Rep.",PRK,79.83399963,79.93800354,79.87400055,79.84700012,79.69799805,79.6269989,79.44200134,79.27700043,79.03500366,78.90299988,78.77300262,78.54100037,78.48999786,78.41200256,78.39600372,78.45700073,78.53099823,78.4940033,78.12799835,78.01300049,77.91000366,77.91000366,77.81600189,77.83300018,77.82499695,77.86299896,77.9509964,77.90899658
Portugal,PRT,58.86899948,56.80500031,55.78499985,54.9679985,54.32400131,54.44300079,55.43799973,57.71300125,57.82400131,58.45000076,59.0530014,59.16799927,58.14099884,57.65999985,57.26800156,57.41799927,57.31200027,57.35300064,55.47299957,54.47499847,52.7179985,50.69800186,49.6230011,50.61199951,51.33599854,52.06900024,53.83000183,54.67900085
Paraguay,PRY,63.18600082,63.04499817,62.90800095,63.10900116,63.02399826,63.06800079,63.06100082,63.02899933,62.87599945,62.85300064,62.9070015,63.09600067,63.87099838,67.23799896,67.44200134,64.94000244,66.44400024,66.68800354,67.18699646,65.83100128,66.01699829,69.39700317,68.15599823,66.03299713,66.40399933,66.61499786,67.2519989,67.31500244
West Bank and Gaza,PSE,34.74599838,34.74900055,34.6590004,34.63000107,34.47800064,34.84799957,35.19499969,35.63499832,36.00600052,36.42900085,29.06900024,26.29299927,30.06200027,29.52799988,31.04000092,31.34499931,32.54600143,30.13899994,31.14599991,31.0529995,33.6609993,33.26699829,33.09400177,33.20299911,33.70700073,33.20600128,32.73500061,31.72400093
Pacific island small states,PSS,58.23649328,58.14321603,58.18019372,58.08664861,57.99098315,57.92842115,57.79883718,57.66586974,57.42182319,57.45248457,57.57505313,57.67108175,57.71048798,57.81864546,57.92454611,58.49433569,58.99382467,59.45774855,59.77651571,60.18792508,60.47821899,59.80024483,59.37528716,58.83075509,58.68011424,58.51244513,58.61032414,58.67161648
Post-demographic dividend,PST,56.77845316,56.29259371,55.72332573,55.79870456,55.8437582,55.80093333,56.04391939,55.94364288,56.1459112,56.56036421,56.43736142,56.20810907,56.12293573,56.18914842,56.53681202,56.93410574,57.26735273,57.1481085,55.59892017,55.15505563,55.13537166,55.12066269,55.14753348,55.38289839,55.72966244,56.13593024,56.60739251,56.73716256
French Polynesia,PYF,52.60599899,52.67100143,52.67200089,52.74900055,52.75999832,52.86700058,52.80199814,52.63899994,52.28499985,51.95100021,51.59600067,51.14099884,50.55199814,50.10100174,49.82799911,49.7480011,49.70199966,49.75600052,49.07400131,48.81999969,48.83100128,48.7179985,48.52199936,48.45399857,48.375,48.27199936,48.1570015,47.96500015
Qatar,QAT,79.57900238,79.0019989,78.89700317,78.92199707,78.93299866,78.47200012,77.20200348,76.56099701,76.20800018,75.91899872,75.97200012,76.1309967,76.84999847,77.61599731,79.35800171,79.99500275,81.69100189,83.32700348,84.83999634,86.27500153,85.59200287,85.49099731,85.92199707,86.60900116,87.41999817,87.05200195,86.79100037,86.74500275
Romania,ROU,63.10100174,63.27299881,63.04299927,63.00999832,62.87099838,61.45600128,62.38000107,61.38899994,60.88700104,59.78099823,58.74900055,52.60599899,51.63899994,50.82899857,49.64500046,50.5019989,50.75699997,50.81600189,50.06999969,51.14099884,50.24200058,50.8730011,50.5530014,50.95999908,50.61800003,50.41400146,52.15000153,52.14199829
Russian Federation,RUS,62.81900024,62.55400085,60.35699844,57.11000061,55.74399948,54.63299942,52.06800079,50.43099976,53.29299927,54.80899811,54.625,55.79399872,55.26699829,55.88999939,56.6230011,56.89500046,58.31200027,58.59000015,57.33399963,57.88199997,58.61000061,59.29600143,59.18899918,59.43399811,59.20399857,59.36000061,59.1609993,59.05599976
Rwanda,RWA,88.9940033,88.64399719,88.10900116,87.66200256,86.9960022,86.66999817,86.28299713,85.8789978,85.42700195,84.99700165,84.72200012,84.41500092,84.15799713,83.97799683,83.8769989,83.91699982,84.04299927,84.15599823,83.98100281,83.88600159,83.80000305,83.66799927,83.45400238,83.23699951,83.21399689,83.17199707,83.12799835,83.06700134
South Asia,SAS,56.81471823,56.74384477,56.63257945,56.6998598,56.44519643,56.32392708,56.24181516,56.12530637,55.93353944,55.82342167,55.85521752,55.86931897,55.98508091,56.22451606,56.35396311,55.80305259,55.26369737,54.62620461,53.86788196,53.35391563,52.60460781,51.83040584,51.74903969,51.80964053,51.78314879,51.76440722,51.98961233,51.93493067
Saudi Arabia,SAU,49.51200104,49.46099854,49.1609993,48.84199905,48.4090004,47.64300156,47.05699921,46.70000076,46.63100052,47.61899948,47.20000076,46.81600189,46.96699905,47.18000031,47.39799881,47.32300186,47.55400085,47.72999954,47.42699814,48.23500061,49.17100143,50.51599884,51.3219986,51.68799973,52.52199936,52.67699814,52.94300079,53.19499969
Sudan,SDN,42.24700165,42.67200089,42.61399841,42.86399841,43.0379982,43.07400131,42.86500168,42.67100143,42.27299881,41.91600037,41.84999847,41.70199966,41.42100143,41.32600021,41.2120018,41.32799911,41.19800186,40.9129982,41.42699814,41.1780014,41.24100113,41.07500076,41,41.00500107,41.00699997,41.06499863,41.18299866,41.07600021
Senegal,SEN,49.57899857,49.48899841,49.30699921,49.22800064,49.04399872,48.91699982,48.77899933,48.5890007,48.37099838,48.28699875,48.20899963,48.17599869,47.54299927,46.90599823,46.30899811,45.8730011,45.6570015,45.25999832,44.25500107,43.68099976,43.30899811,43.34700012,43.25899887,43.19300079,43.10200119,43.24700165,43.39599991,43.43199921
Singapore,SGP,62.08499908,61.80500031,62.26499939,62.77700043,62.91500092,62.80400085,63.59199905,62.61899948,61.57500076,62.30199814,62.24499893,60.17699814,59.99700165,60.02399826,60.60499954,61.88499832,62.85400009,63.77799988,62.47800064,64.1210022,64.44300079,65.05999756,64.91600037,65.66200256,66.28800201,65.79100037,65.79499817,65.71800232
Solomon Islands,SLB,69.59600067,69.0530014,68.94599915,68.63600159,68.43699646,68.63300323,68.97699738,69.16899872,69.40000153,70.44999695,71.05799866,71.27999878,71.18900299,71.12000275,71.09400177,71.10900116,71.06199646,70.90399933,71.07099915,71.08000183,70.46199799,70.18800354,70.15299988,70.11799622,70.08699799,70.11000061,70.18499756,70.13400269
Sierra Leone,SLE,62.55899811,62.66600037,62.38499832,62.2879982,62.27199936,62.20000076,62.14599991,62.07300186,62.01599884,62.00999832,62.19900131,62,62.03300095,63.56399918,62.7879982,62.05199814,61.32400131,60.52899933,59.45800018,58.86000061,58.13299942,57.15100098,56.13000107,55.29199982,55.52700043,55.49399948,55.69400024,55.57500076
El Salvador,SLV,56.31499863,56.2879982,55.8390007,57.97999954,57.31999969,55.99000168,55.60699844,57.8409996,57.85800171,57.18600082,56.68399811,56.9109993,57.94800186,56.82899857,56.52899933,57.33800125,57.89199829,58.09500122,57.05899811,56.96500015,57.15800095,58.06900024,58.50600052,57.04100037,56.43000031,56.8370018,58.16699982,58.29299927
San Marino,SMR,,,,,,,,,,,,,,,,,,,,,,,,,,,,
Somalia,SOM,42.26800156,42.1629982,41.88700104,41.77199936,41.5359993,41.32300186,41.04600143,40.85100174,40.51800156,40.36800003,40.13999939,39.87900162,39.80400085,39.7179985,39.69900131,39.76100159,39.88000107,39.81000137,39.37799835,39.30599976,39.20700073,39.23099899,39.24200058,39.39500046,39.51100159,39.64199829,39.88000107,39.91600037
Serbia,SRB,50.17699814,50.09999847,49.76499939,49.54299927,49.28499985,49.24399948,48.64400101,48.56600189,48.80699921,49.11000061,48.73199844,47.86800003,46.84500122,44.72800064,43.22600174,43.06900024,44.56999969,46.26699829,43.67399979,41.09799957,39.18000031,38.97999954,40.5870018,42.36000061,42.68899918,45.65200043,47.13299942,46.875
Sub-Saharan Africa (excluding high income),SSA,64.1030428,64.07676985,63.83912657,63.76335987,63.72037474,63.70674523,63.64314261,63.67857097,63.49793214,63.47409352,63.44783334,63.27608771,63.23610156,63.3095959,63.51240726,63.7513107,63.88808463,64.06631284,63.52891299,63.13340165,63.08877754,63.046395,63.07046442,62.98748007,62.89758067,62.79838699,62.95214296,62.96596871
South Sudan,SSD,64.70600128,64.61399841,64.26899719,64.15200043,64.09500122,64.125,64.11100006,64.1969986,64.06600189,64.08100128,64.09600067,63.91999817,63.89699936,63.91899872,64.00900269,64.29499817,64.55799866,64.6309967,63.85900116,63.75,63.82400131,63.97200012,63.7519989,63.98799896,63.63800049,63.81200027,63.76300049,63.76399994
Sub-Saharan Africa,SSF,64.1030428,64.07676985,63.83912657,63.76335987,63.72037474,63.70674523,63.64314261,63.67857097,63.49793214,63.47409352,63.44783334,63.27608771,63.23610156,63.3095959,63.51240726,63.7513107,63.88808463,64.06631284,63.52891299,63.13340165,63.08877754,63.046395,63.07046442,62.98748007,62.89758067,62.79838699,62.95214296,62.96596871
Small states,SST,54.59862852,54.3770391,53.9908278,53.96293248,53.74202348,53.54369479,53.25623903,53.35656516,53.18856802,53.30304719,53.37878381,53.35010144,53.590328,54.0103971,54.47651291,55.35001647,56.02844616,56.53010763,56.12551162,56.01110684,56.39936767,56.70375727,57.04518184,57.4241408,57.68844144,57.78379457,58.15210094,58.40433881
Sao Tome and Principe,STP,48.05899811,47.79899979,47.34999847,47.10100174,47.01900101,47.125,47.37599945,47.80199814,48.08200073,48.3769989,47.79499817,46.7879982,47.51200104,47.70800018,47.63800049,47.75699997,48.86199951,49.93199921,49.84799957,50.64899826,50.89699936,51.17599869,51.11899948,51.23400116,51.46500015,51.52399826,51.77600098,51.60699844
Suriname,SUR,41.11299896,41.12799835,41.95700073,43.59700012,45.8429985,44.63999939,44.92200089,44.93999863,43.48199844,43.93500137,44.50799942,45.03300095,45.52899933,46.22600174,46.43700027,46.61999893,47.27299881,47.51800156,47.26800156,48.22299957,48.15200043,47.90999985,48.74000168,48.53300095,48.27000046,48,47.73899841,47.68199921
Slovak Republic,SVK,58.41999817,56.63399887,54.65399933,51.79499817,52.07099915,53.36700058,52.54899979,52.05099869,49.89199829,48.36100006,48.73699951,48.61700058,49.92200089,49.01300049,49.88199997,51.1969986,52.20800018,53.56000137,51.6609993,50.33399963,50.72499847,50.86399841,50.77999878,51.4620018,52.75899887,54.24499893,55.09999847,55.69800186
Slovenia,SVN,54.71500015,54.07699966,53.34700012,53.23099899,53.63600159,53.63000107,54.45700073,54.91199875,53.84000015,53.41199875,54.25699997,54.55599976,52.80799866,55.42699814,55.35599899,55.75500107,56.88299942,56.88199997,55.94599915,54.9469986,53.31800079,52.61100006,51.63100052,52.11600113,52.22600174,52.14300156,54.625,54.76499939
Sweden,SWE,64.80799866,61.71699905,57.86899948,57.14300156,58.02999878,57.49200058,56.56600189,57.18099976,58.19300079,58.95199966,59.62900162,59.38899994,59.05899811,58.16600037,58.15999985,58.81600189,59.71300125,59.81499863,58.00099945,57.70899963,58.43099976,58.38299942,58.72900009,58.8769989,59.22700119,59.55500031,59.9640007,60.18000031
Eswatini,SWZ,38.93299866,39.01100159,38.87200165,38.82300186,38.66500092,38.40599823,38.14300156,38.09400177,37.2859993,36.77899933,36.51200104,35.97900009,35.58800125,35.44900131,35.23600006,35.26300049,35.38100052,36.00500107,35.9620018,36.38199997,36.96300125,37.58599854,38.15299988,38.92699814,39.67399979,40.45100021,40.93500137,41.08200073
Sint Maarten (Dutch part),SXM,,,,,,,,,,,,,,,,,,,,,,,,,,,,
Seychelles,SYC,,,,,,,,,,,,,,,,,,,,,,,,,,,,
Syrian Arab Republic,SYR,50.29399872,49.44100189,49.01900101,48.8769989,48.95899963,48.07400131,47.19599915,46.36899948,46.40800095,45.4620018,44.1590004,43.80699921,43.99900055,43.11600113,42.39400101,41.88199997,40.80500031,39.76200104,39.47900009,39.34000015,39.2820015,39.05599976,38.7840004,38.54199982,38.11999893,38.10400009,38.18799973,37.80400085
Turks and Caicos Islands,TCA,,,,,,,,,,,,,,,,,,,,,,,,,,,,
Chad,TCD,71.91999817,71.83899689,71.8239975,71.74199677,71.62799835,71.55400085,71.46199799,71.35399628,71.26399994,71.22399902,71.25800323,71.31500244,71.16699982,70.8030014,70.69400024,70.78500366,70.81500244,70.76399994,70.47799683,70.375,70.2539978,70.17700195,69.87999725,69.85700226,69.72599792,69.56900024,69.71499634,69.68299866
East Asia & Pacific (IDA & IBRD countries),TEA,74.51168499,74.5529165,74.27030439,74.04827639,73.86842511,73.65696043,73.38046001,73.11221241,72.77151462,72.44926299,71.56159715,70.62477217,69.73419888,69.20850154,68.5582233,68.19743758,68.10463634,67.70388516,67.43992338,67.29242985,67.3087798,67.22697632,66.97889716,66.80631044,66.48622538,66.1700792,65.93679153,65.5694948
Europe & Central Asia (IDA & IBRD countries),TEC,58.85063563,58.48354127,56.8839842,55.51194742,54.46935258,53.39032404,52.15782579,51.14517047,51.66533489,51.81542741,51.49400478,51.27148763,50.9592244,51.02161138,51.47697606,51.87693085,52.76819665,53.18544823,52.39075389,52.86262312,53.41320672,53.71708077,53.84649729,53.87027842,54.06791886,54.27771677,54.59502636,54.53364653
Togo,TGO,79.7539978,79.68900299,79.50099945,79.31800079,79.1780014,79.03299713,78.79000092,78.77899933,78.54199982,78.73500061,78.78299713,78.79100037,78.8030014,78.91300201,78.99199677,79.19300079,78.91200256,78.46600342,77.7440033,77.11399841,76.4940033,76.51000214,76.60600281,76.61100006,76.64199829,76.60399628,76.51000214,76.38200378
Thailand,THA,73.41899872,74.09999847,73.70500183,73.52899933,73.84300232,74.14099884,74.32099915,71.68199921,71.02899933,71.69000244,71.7519989,72.11699677,72.13800049,72.23799896,72.38400269,71.93900299,72.27899933,72.2519989,72.09799957,71.2519989,72.75099945,72.34899902,70.2990036,69.29399872,68.65599823,67.6309967,67.36499786,67.05699921
Tajikistan,TJK,41.26699829,41.23799896,39.56900024,38.51800156,37.91400146,36.61299896,36.41400146,35.32500076,35.79700089,36.13199997,36.27999878,36.33000183,36.47100067,36.75500107,37.01399994,37.57600021,38.04800034,38.24000168,38.15000153,38.20899963,38.31800079,38.31499863,38.29600143,38.40499878,38.57899857,38.76499939,38.89899826,38.86800003
Turkmenistan,TKM,60.89699936,61.06000137,61.18000031,59.43099976,57.36500168,56.20000076,55.9659996,55.31800079,55.05799866,55.71900177,56.40599823,56.91899872,57.4659996,58.07600021,58.64799881,59.35100174,60.05199814,60.72200012,60.96099854,61.4109993,61.65499878,61.94200134,62.21300125,62.5019989,62.69200134,62.77500153,62.83000183,62.6780014
Latin America & the Caribbean (IDA & IBRD countries),TLA,57.92799274,58.3531767,58.68085373,58.60116719,58.04456238,57.51646022,58.24722756,58.18931008,57.66533132,57.63542829,58.0209997,58.04630392,58.1609929,59.10351007,59.5578295,60.16138348,60.2815081,60.54660295,60.06784453,60.06520793,60.09270064,60.68305402,60.51850567,60.4022007,60.12748091,59.31126015,59.22164855,59.20490843
Timor-Leste,TLS,60.23500061,60.2179985,60.1570015,59.98899841,59.72800064,59.27199936,58.71500015,58.31399918,57.36899948,56.4469986,55.39500046,53.2519989,51.16500092,49.35800171,47.39899826,45.81200027,44.28300095,42.8769989,41.43500137,40.10900116,39.6780014,39.19400024,38.74100113,38.34400177,38,37.94100189,37.98799896,37.81800079
Middle East & North Africa (IDA & IBRD countries),TMN,40.96840153,40.77952457,40.32998029,40.34410539,39.88868484,40.01892889,40.07045007,39.76362131,39.99082743,39.70628312,39.67557052,39.5142999,39.87671659,40.64567093,40.63804386,40.84524126,41.01406086,40.57939086,40.61382876,40.45529784,39.96519462,39.74220585,40.00938852,39.61789954,39.3464168,39.51849712,39.48124586,39.46751719
Tonga,TON,56.26900101,57.49100113,58.5,59.3030014,58.74499893,58.42100143,58.01200104,57.49599838,56.91999817,56.57600021,56.5719986,56.55699921,56.64300156,57.97299957,58.90999985,59.67900085,59.85499954,59.68000031,59.40000153,59.21099854,59.11800003,59.11100006,59.19499969,59.1269989,58.97499847,58.94800186,58.93799973,58.92100143
South Asia (IDA & IBRD),TSA,56.81471823,56.74384477,56.63257945,56.6998598,56.44519643,56.32392708,56.24181516,56.12530637,55.93353944,55.82342167,55.85521752,55.86931897,55.98508091,56.22451606,56.35396311,55.80305259,55.26369737,54.62620461,53.86788196,53.35391563,52.60460781,51.83040584,51.74903969,51.80964053,51.78314879,51.76440722,51.98961233,51.93493067
Sub-Saharan Africa (IDA & IBRD countries),TSS,64.1030428,64.07676985,63.83912657,63.76335987,63.72037474,63.70674523,63.64314261,63.67857097,63.49793214,63.47409352,63.44783334,63.27608771,63.23610156,63.3095959,63.51240726,63.7513107,63.88808463,64.06631284,63.52891299,63.13340165,63.08877754,63.046395,63.07046442,62.98748007,62.89758067,62.79838699,62.95214296,62.96596871
Trinidad and Tobago,TTO,55.59899902,55.88100052,56.06600189,57.1230011,57.89799881,58.75099945,58.94400024,59.11299896,58.99700165,58.9679985,59.01599884,59.08599854,60.18000031,61.29700089,62.41699982,62.48199844,62.35699844,62.28099823,61.18700027,59.94300079,59.51100159,60.07699966,60.81499863,61.25400162,60.5870018,59.54499817,59.18199921,58.85300064
Tunisia,TUN,41.50400162,41.23699951,41.12799835,40.9469986,40.88399887,40.73899841,40.72499847,40.5929985,40.3219986,40.07600021,39.9659996,39.53699875,39.20999908,39.00999832,39.31499863,39.86999893,40.03699875,40.18600082,40.14799881,40.57300186,38.33300018,39.23099899,39.68099976,39.97000122,39.81100082,39.54899979,39.45299911,39.27000046
Turkey,TUR,51.81000137,50.72000122,46.94100189,49.40200043,49.38499832,49.47999954,48.1570015,48.26900101,47.74000168,45.62599945,44.52799988,43.27199936,41.99499893,40.97900009,41.13299942,41.12799835,41.08300018,41.34199905,40.78300095,42.61399841,44.4980011,44.76599884,45.31399918,45.18399811,45.7859993,46.1609993,46.90800095,46.80099869
Tuvalu,TUV,,,,,,,,,,,,,,,,,,,,,,,,,,,,
Tanzania,TZA,84.18099976,84.29000092,84.13300323,84.12599945,84.02200317,84.02300262,84.07099915,84.22200012,84.13200378,84.22799683,84.36000061,84.46900177,84.6760025,84.88899994,85.12000275,85.48999786,85.58699799,85.39700317,84.7460022,83.71099854,82.72299957,82.2519989,81.78199768,81.65200043,81.6269989,81.62400055,81.70899963,81.58699799
Uganda,UGA,69.19000244,69.21199799,69.0490036,68.88899994,68.76399994,68.63600159,68.45500183,68.29199982,68.07299805,68.02700043,67.86799622,67.70300293,67.71399689,68.46600342,69.06600189,69,68.98999786,68.78399658,68.20600128,68.24099731,68.40399933,68.54100037,69.70999908,69.70600128,69.68599701,69.71299744,69.73899841,69.77100372
Ukraine,UKR,58.73400116,58.52700043,58.34500122,58.47299957,56.41500092,54.5359993,52.99200058,50.77199936,49.55899811,50.30400085,49.7840004,50.09600067,50.49100113,50.50400162,51.15200043,51.22600174,51.39400101,51.36800003,50.08599854,50.54700089,50.89599991,50.78499985,51.56700134,49.26200104,49.59600067,49.26800156,49.05699921,48.90999985
Upper middle income,UMC,68.27401307,68.19301452,67.72408788,67.27592656,66.83193675,66.46171587,66.21751776,65.83172329,65.61667882,65.44521812,64.88198402,64.25713522,63.61734912,63.50302623,63.29300159,63.18306577,63.09032448,62.8290891,62.30058595,62.07144761,62.08380163,62.09129179,61.92624325,61.70360951,61.497984,61.1425046,60.98753909,60.67097932
Uruguay,URY,52.64699936,53.27000046,52.37599945,53.26399994,53.89099884,53.95199966,54.04199982,54.16999817,54.23500061,54.40599823,55.34500122,54.62900162,53.92300034,54.12799835,54.99000168,56.78099823,58.84600067,60.24900055,60.68700027,60.79700089,61.70700073,61.1629982,60.69499969,61.0929985,60.08399963,59.59199905,59.13399887,59.20899963
United States,USA,60.64300156,60.43799973,60.73799896,61.67200089,62.11899948,62.41600037,63.02399826,63.32099915,63.57500076,63.78099823,62.94200134,61.9129982,61.40399933,61.44400024,61.75299835,62.15800095,61.98699951,61.22399902,58.37099838,57.46099854,57.37900162,57.82400131,57.90800095,58.37400055,58.74300003,59.13700104,59.58000183,59.58100128
Uzbekistan,UZB,60.91600037,60.50899887,59.38700104,58.02299881,57.8030014,56.04700089,55.96699905,54.50699997,54.54299927,55.31900024,56.05400085,56.5870018,57.24399948,58.01900101,58.81299973,59.59400177,60.25400162,60.4659996,60.55199814,60.56100082,61.04100037,61.34199905,61.59700012,61.67499924,61.82099915,61.9469986,62.18099976,62.07400131
St. Vincent and the Grenadines,VCT,50.20399857,50.6629982,50.47600174,50.30899811,50.89899826,50.83200073,51.22499847,51.54600143,51.43399811,51.56399918,51.85900116,52.34500122,52.87400055,53.2480011,53.65599823,54.57099915,55.06399918,55.33800125,54.80899811,54.77500153,54.89599991,54.99000168,55.04499817,55.02999878,54.61899948,54.70000076,54.87200165,54.81200027
"Venezuela, RB",VEN,57.74900055,59.09400177,59.7820015,58.4070015,57.49000168,56.51100159,57.18299866,57.22399902,54.80899811,55.33000183,56.09600067,53.69100189,52.95700073,54.78900146,58.09700012,59.89400101,60.25099945,61.00699997,59.86600113,59.32799911,60.33000183,59.99000168,59.45600128,59.68399811,59.49900055,58.3030014,57.64500046,56.99200058
British Virgin Islands,VGB,,,,,,,,,,,,,,,,,,,,,,,,,,,,
Virgin Islands (U.S.),VIR,60.0379982,59.87900162,59.5530014,59.45000076,59.44100189,59.3030014,59.2140007,59.19300079,58.92900085,58.71300125,58.66400146,58.54899979,58.43899918,58.38399887,58.38100052,58.38299942,58.36000061,58.08300018,57.1780014,56.76800156,56.29899979,55.68399811,55.22000122,54.95100021,54.72399902,54.60400009,54.57899857,54.39699936
Vietnam,VNM,75.66300201,75.60299683,75.62200165,75.50099945,75.3710022,75.2539978,74.4260025,74.8239975,74.77400208,74.74700165,74.31700134,74.7559967,74.58899689,74.58200073,74.42199707,74.3789978,74.39600372,74.08300018,74.56500244,75.33799744,75.64800262,75.85600281,76.59899902,76.81800079,76.39800262,75.95700073,76.03500366,75.96099854
Vanuatu,VUT,66.14199829,66.08899689,65.99700165,65.64600372,65.6760025,65.58399963,65.35600281,65.19499969,65.15100098,65.03399658,65.34999847,65.71199799,65.71299744,65.93499756,65.98799896,66.02300262,66.26399994,66.45200348,66.31700134,66.38999939,66.26599884,66.14499664,66.17299652,66.26300049,66.68099976,66.49700165,66.65100098,66.71099854
World,WLD,62.5961959,62.47854108,62.10545423,61.94278364,61.71949348,61.5267224,61.43286582,61.22332282,61.12195993,61.07547884,60.77926507,60.40503024,60.13633428,60.1596282,60.14026569,60.09409273,60.10171204,59.85911208,59.18007471,58.93125359,58.78368743,58.64003964,58.5504805,58.52859104,58.4512898,58.35987425,58.44128735,58.33015863
Samoa,WSM,33.50799942,33.71500015,33.58300018,33.77299881,33.35300064,33.07699966,33.14500046,33.09799957,32.93600082,32.52099991,32.14699936,31.93700027,31.72800064,31.49699974,31.24699974,31.19000053,30.89599991,30.8029995,30.86000061,30.76300049,30.37100029,29.33699989,29.40099907,29.32999992,29.23200035,28.87999916,28.84499931,28.75499916
Kosovo,XKX,,,,,,,,,,,,,,,,,,,,,,,,,,,,
"Yemen, Rep.",YEM,40.9129982,41.13600159,41.32300186,41.40800095,41.63899994,41.74000168,41.75299835,41.61299896,41.52099991,40.74100113,39.92499924,39.07300186,38.41500092,37.81000137,37.24700165,36.76900101,36.35300064,35.86299896,34.95899963,34.42599869,33.69400024,33.03900146,32.43000031,31.97699928,32.31600189,33.0019989,33.4620018,33.52000046
South Africa,ZAF,39.26499939,39.20100021,38.87400055,38.9129982,39.02899933,38.96699905,39.01699829,39.18299866,39.04299927,39.14799881,38.82300186,37.31700134,36.74900055,37.17900085,38.54499817,39.68799973,40.18799973,43.26399994,41.2879982,39.43199921,39.4109993,39.63700104,40.14599991,40.12799835,40.90200043,40.18899918,40.40000153,40.56299973
Zambia,ZMB,64.63300323,64.30599976,63.87799835,65.25,66.25299835,67.26599884,68.42900085,69.8710022,69.33699799,69.12400055,68.47899628,67.97899628,67.73600006,67.39900208,66.89800262,69.11299896,70.57499695,71.63300323,68.97799683,66.43000031,68.16100311,69.36000061,69.38999939,69.4469986,69.6309967,69.68199921,69.79599762,69.76599884
Zimbabwe,ZWE,77.95600128,77.95300293,77.61699677,77.4260025,76.82900238,76.14600372,75.4980011,74.83699799,73.88400269,74.83499908,75.83699799,76.70200348,77.70999908,78.77899933,78.85099792,79.07800293,79.04799652,78.85500336,78.41799927,78.38899994,78.29199982,78.19400024,78.30599976,78.51499939,78.68599701,78.95999908,79.28700256,79.43900299
