Country,1991,1992,1993,1994,1995,1996,1997,1998,1999,2000,2001,2002,2003,2004,2005,2006,2007,2008,2009,2010,2011,2012,2013,2014,2015,2016,2017,2018
Aruba,,,,,,,,,,,,,,,,,,,,,,,,,,,,
Afghanistan,2.976000071,3.173000097,3.463000059,3.611999989,3.653000116,3.621000051,3.602999926,3.536000013,3.605999947,3.51699996,3.426000118,3.549999952,3.41899991,3.086999893,2.941999912,2.825000048,2.128000021,2.493999958,2.470000029,2.275000095,1.983999968,1.692000031,1.725000024,1.735000014,1.67900002,1.633999944,1.559000015,1.542000055
Angola,22.60199928,20.92499924,21.25,21.1590004,21.14800072,20.06599998,21.46500015,20.43799973,20.89699936,22.88500023,23.11499977,23.89599991,23.92499924,23.64299965,20.53199959,17.67399979,14.63300037,12.04399967,10.60900021,9.088999748,7.361999989,7.359000206,7.453999996,7.428999901,7.278999805,7.281000137,7.138999939,7.252999783
Albania,16.78100014,17.65299988,17.68099976,17.52700043,17.60700035,18.3579998,18.31100082,18.32299995,18.56900024,17.7670002,17.4109993,17.51000023,17.49600029,17.27199936,16.87400055,16.3939991,15.9659996,13.06000042,13.67399979,14.08600044,13.48099995,13.3760004,15.86600018,17.48999977,17.07999992,15.22000027,13.75,13.89799976
Andorra,,,,,,,,,,,,,,,,,,,,,,,,,,,,
Arab World,11.63691942,12.01987363,12.93877608,13.09872297,13.41039559,12.64786334,12.10803082,12.1677189,12.33654477,12.75260601,12.55169395,12.59072464,12.50353861,11.49102383,11.26501055,10.37598923,9.846742877,9.472814405,9.259066491,9.178179512,10.0376771,10.23383318,10.21950434,10.21862852,10.220711,9.96699997,9.95602078,9.942483486
United Arab Emirates,1.631999969,1.699000001,1.800999999,1.807000041,1.799999952,1.881000042,1.963999987,2.039000034,2.174999952,2.25,2.403000116,2.640000105,2.867000103,3.03399992,3.119999886,2.773000002,2.467000008,2.332999945,2.698999882,2.663000107,2.493999958,2.40899992,2.292000055,2.061000109,1.835999966,1.636000037,2.463000059,2.575000048
Argentina,5.440000057,6.360000134,10.10000038,11.76000023,18.79999924,17.11000061,14.81999969,12.64999962,14.05000019,15,17.31999969,19.59000015,15.35999966,13.52200031,11.50599957,10.07699966,8.470000267,7.836999893,8.645000458,7.714000225,7.178999901,7.217000008,7.099999905,7.268000126,7.643000126,8.015999794,8.347000122,9.482999802
Armenia,1.600000024,1.799999952,5.300000191,6.599999905,6.699999809,9.300000191,10.80000019,9.399999619,11.19999981,11.25300026,11.43900013,11.5170002,11.2329998,11.2159996,10.80000019,10.28100014,9.812000275,16.36800003,18.73999977,19.00799942,18.44300079,17.30999947,16.17900085,17.49799919,18.26099968,17.61700058,17.82699966,17.71199989
American Samoa,,,,,,,,,,,,,,,,,,,,,,,,,,,,
Antigua and Barbuda,,,,,,,,,,,,,,,,,,,,,,,,,,,,
Australia,9.579000473,10.72900009,10.8739996,9.718999863,8.468999863,8.505999565,8.362000465,7.676000118,6.872000217,6.282999992,6.742000103,6.368000031,5.928999901,5.394999981,5.032000065,4.782000065,4.376999855,4.234000206,5.56099987,5.210999966,5.080999851,5.223999977,5.663000107,6.078000069,6.056000233,5.710999966,5.593999863,5.387000084
Austria,3.420000076,3.589999914,4.25,3.535000086,4.347000122,5.281000137,5.149000168,5.522999763,4.697999954,4.686999798,4.006999969,4.848999977,4.778999805,5.834000111,5.627999783,5.243000031,4.857999802,4.127999783,5.301000118,4.820000172,4.56400013,4.864999771,5.335000038,5.619999886,5.72300005,6.013999939,5.499000072,4.785999775
Azerbaijan,0.899999976,1.799999952,4.5,6.300000191,7.199999809,8.100000381,9.100000381,10,10.89999962,11.80000019,10.89999962,10,9.25,8,7.300000191,6.619999886,6.539999962,6.050000191,5.739999771,5.630000114,5.420000076,5.190000057,4.96999979,4.909999847,4.960000038,5,5,5.21999979
Burundi,1.550999999,1.527999997,1.605000019,1.827000022,1.89199996,1.850000024,2.016000032,1.995000005,2.051000118,2.105999947,2.062000036,2.121999979,2.066999912,2.045000076,1.947999954,1.799999952,1.639999986,1.633999944,1.794999957,1.799999952,1.766000032,1.712000012,1.674000025,1.570000052,1.592000008,1.565999985,1.501000047,1.527999997
Belgium,6.986000061,6.701000214,8.076999664,9.647000313,9.338999748,9.482999802,8.956000328,9.322999954,8.649000168,6.585999966,6.177000046,6.909999847,7.679999828,7.362999916,8.43999958,8.24600029,7.458000183,6.975999832,7.907999992,8.291999817,7.139999866,7.541999817,8.425000191,8.522999763,8.482000351,7.829999924,7.085999966,6.322999954
Benin,1.480999947,1.50999999,1.552000046,1.286000013,1.20599997,1.157999992,1.059999943,0.976000011,0.875999987,0.815999985,0.713,0.689999998,0.728999972,0.768999994,0.805000007,0.782999992,0.731999993,0.787999988,0.967000008,1.039999962,2.645999908,2.734999895,2.665999889,2.540999889,2.463000059,2.41899991,2.180000067,2.125
Burkina Faso,2.438999891,2.411000013,2.568000078,2.579999924,2.555999994,2.54399991,2.453999996,2.440000057,2.532999992,2.664000034,2.778000116,2.809000015,2.779999971,3.390000105,4,3.698999882,3.299999952,3.594000101,4.396999836,4.90899992,5.293000221,5.809000015,6.277999878,6.479000092,6.703999996,6.363999844,6.014999866,6.059000015
Bangladesh,2.200000048,2.253000021,2.377000093,2.440000057,2.480000019,2.50999999,2.684999943,2.829999924,3.095000029,3.269999981,3.551000118,3.960999966,4.320000172,4.302000046,4.25,3.59100008,3.767999887,4.077000141,5,3.378999949,3.717999935,4.047999859,4.426000118,4.410999775,4.415999889,4.349999905,4.372000217,4.308000088
Bulgaria,12.18400002,12.34899998,13.03100014,13.53800011,13.33699989,13.50899982,13.69999981,12.19999981,14.10000038,16.21800041,19.92099953,18.10899925,13.7329998,12.0369997,10.08300018,8.951000214,6.877999783,5.609000206,6.816999912,10.27900028,11.26000023,12.27000046,12.94099998,11.42399979,9.142999649,7.574999809,6.164000034,5.261000156
Bahrain,0.97299999,1.032999992,1.128999949,1.13499999,1.128000021,1.105999947,1.085999966,1.059999943,1.078999996,1.052999973,1.031000018,1.05400002,1.06400001,1.041000009,0.986000001,0.904999971,0.838,0.834999979,1.069000006,1.129999995,1.139999986,1.200000048,1.215999961,1.149000049,1.075999975,1.013000011,0.947000027,0.962000012
"Bahamas, The",12.17000008,14.81000042,12.72000027,13.82999992,10.82999992,11.46000004,9.760000229,7.650000095,7.449999809,7.152999878,6.869999886,9.050000191,10.84000015,10.19999981,10.19999981,7.539999962,7.880000114,8.180000305,14.25,14.53999996,14.52000046,14.02000046,16.18000031,13.80000019,12,12.69999981,12.38099957,11.85000038
Bosnia and Herzegovina,17.54999924,18.37700081,19.51399994,20.39500046,21.21199989,21.92700005,22.90299988,23.69599915,25.31100082,26.18700027,27.12899971,28.22200012,29.03000069,29.86599922,30.48999977,31.11000061,28.98399925,23.40500069,24.06800079,27.31200027,27.58200073,28.01000023,27.45000076,27.5170002,27.64999962,25.40999985,20.46999931,20.8390007
Belarus,0.600000024,3.099999905,8.5,12.80000019,17.70000076,24.39999962,17.10000038,14,12.80000019,11.94200039,11.31400013,10.89299965,10.14999962,9.272000313,8.534999847,7.605000019,6.781000137,6.122000217,6.099999905,6.06099987,6.074999809,6.038000107,5.934999943,5.893000126,5.913000107,5.840000153,5.650000095,5.708000183
Belize,8.074000359,9.616999626,9.779999733,11.10000038,12.47999954,13.81999969,12.68000031,14.31000042,12.84000015,10.55900002,9.069999695,10.03999996,10.50399971,10.79800034,10.90999985,9.390000343,8.510000229,8.180000305,10.11499977,11.6590004,12.75800037,14.27000046,11.69999981,11.56999969,9.970000267,7.909999847,9,9.368000031
Bermuda,,,,,,,,,,,,,,,,,,,,,,,,,,,,
Bolivia,2.890000105,2.881000042,3.150000095,3.289999962,3.289000034,3.296999931,3.280999899,3.184000015,3.352999926,3.365999937,3.417999983,3.460000038,3.503000021,3.461999893,3.256000042,2.987999916,2.72300005,2.602999926,2.862999916,2.576999903,2.219000101,2.048000097,2.394000053,2.006999969,3.065999985,3.055999994,3.23300004,3.257999897
Brazil,6.260000229,6.420000076,6.03000021,6.09800005,6.420000076,7.252999783,8.157999992,9.423000336,10.20800018,9.894000053,9.609999657,9.37100029,9.991000175,9.104999542,9.56799984,8.638999939,8.326999664,7.342999935,8.522000313,7.725999832,6.916999817,7.19299984,6.985000134,6.670000076,8.437000275,11.60900021,12.82699966,12.54399967
Barbados,22.49300003,22.94000053,24.54000092,22.97999954,19.65999985,14.71000004,14.60999966,12.39999962,10.60999966,9.350000381,9.850000381,10.31999969,11,9.569999695,9.079999924,8.729999542,7.409999847,8.119999886,10.02000046,10.68999958,11.18999958,11.59000015,11.55000019,12.17000008,11.35000038,9.720000267,9.487000465,9.56799984
Brunei Darussalam,4.699999809,4.90500021,5.175000191,5.268000126,5.337999821,5.375999928,5.418000221,5.447999954,5.572000027,5.599999905,5.633999825,5.771999836,5.881000042,5.914999962,5.868999958,5.743000031,5.624000072,5.697000027,6.423999786,6.657999992,6.71999979,6.896999836,7.028999805,6.965000153,7.756000042,8.559000015,9.315999985,9.223999977
Bhutan,1.294999957,1.215999961,1.30400002,1.269000053,1.325999975,1.33099997,1.411000013,1.399999976,1.399999976,1.707999945,1.899999976,1.866000056,1.799999952,2.49000001,3.099999905,3.130000114,3.700000048,3.46600008,3.960000038,3.319999933,3.230000019,2.049999952,2.869999886,2.630000114,2.450000048,2.338999987,2.170000076,2.197000027
Botswana,13.81999969,15.86600018,18.58300018,21.20000076,21.38800049,21.57999992,21.64800072,20.86000061,18.92900085,15.88000011,18.54000092,21.20299911,23.79999924,21.68400002,19.83200073,17.79999924,16.62899971,15.93000031,16.16900063,17.86000061,17.77000046,17.91300011,18.2859993,18.22299957,17.95599937,17.9489994,17.63100052,17.94099998
Central African Republic,6.741000175,6.835999966,7.119999886,7.236999989,7.184000015,7.531000137,7.626999855,7.471000195,7.609000206,7.59100008,7.597000122,7.681000233,7.717000008,7.599999905,7.329999924,6.959000111,6.605999947,6.388999939,6.872000217,6.926000118,7.001999855,6.918000221,6.894999981,6.901000023,6.754000187,6.646999836,6.447000027,6.482999802
Canada,10.31599998,11.19699955,11.37699986,10.39500046,9.48900032,9.619999886,9.100999832,8.277999878,7.583000183,6.828999996,7.218999863,7.664999962,7.573999882,7.184999943,6.757999897,6.320000172,6.035999775,6.137000084,8.343999863,8.055999756,7.511000156,7.291999817,7.073999882,6.914000034,6.906000137,6.999000072,6.340000153,5.920000076
Central Europe and the Baltics,9.500982433,9.866604378,11.18158676,11.29081502,10.86709121,10.13796154,9.159062351,8.951271136,10.38475719,12.43562688,13.22914818,13.74482392,12.9601933,12.9367946,12.05648301,10.10595738,7.809138348,6.604503161,8.488072992,9.899879276,9.789457526,9.978361647,10.04607396,8.951684534,7.816303048,6.488529311,5.293673577,4.32777046
Switzerland,1.77699995,2.811000109,3.717000008,3.878999949,3.326999903,3.704999924,4.203999996,3.596999884,3.144999981,2.665999889,2.49000001,2.924000025,4.116000175,4.315999985,4.436999798,4,3.65199995,3.349999905,4.116000175,4.80700016,4.407999992,4.485000134,4.747000217,4.826000214,4.801000118,4.918000221,4.796999931,4.882999897
Channel Islands,7.587999821,7.782999992,8.071000099,8.088000298,8.069000244,8.00399971,7.945000172,7.868000031,7.926000118,7.847000122,7.777999878,7.849999905,7.881000042,7.811999798,7.636000156,7.355999947,7.092000008,7.078999996,7.895999908,8.076000214,8.038000107,8.138999939,8.18500042,7.993000031,7.77699995,7.574999809,7.347000122,7.288000107
Chile,5.230000019,4.349999905,4.489999771,5.869999886,4.699999809,7.414000034,7.136000156,7.30700016,11.15799999,10.49100018,10.39000034,10.16800022,9.765000343,10.1619997,9.340000153,9.024000168,8.427000046,9.284999847,11.31299973,8.423999786,7.343999863,6.65899992,6.214000225,6.664999962,6.507999897,6.737999916,6.958000183,7.22300005
China,2.400000095,2.400000095,2.700000048,2.900000095,3,3.099999905,3.200000048,3.200000048,3.299999952,3.299999952,3.799999952,4.199999809,4.599999905,4.5,4.5,4.400000095,4.300000191,4.599999905,4.699999809,4.5,4.5,4.599999905,4.599999905,4.599999905,4.599999905,4.5,4.400000095,4.416999817
Cote d'Ivoire,6.56799984,6.699999809,5.998000145,5.063000202,4.099999905,4.197999954,4.099999905,4.099999905,4.461999893,4.671999931,4.941999912,5.369999886,5.456999779,5.631000042,5.671999931,5.693999767,5.56099987,5.607999802,6.493000031,6.75,7.291999817,7.22300005,4.254000187,3.660000086,3.112999916,2.598999977,2.487999916,2.480000019
Cameroon,7.257999897,7.43599987,7.736999989,7.906000137,8.022000313,8.06000042,8.041000366,8.031000137,8.123999596,7.618000031,7.460000038,6.818999767,6.089000225,5.116000175,4.400000095,3.670000076,3.062999964,3.108999968,3.693000078,4.110000134,3.993000031,3.845000029,3.742000103,3.53399992,3.539000034,3.470999956,3.358999968,3.361000061
"Congo, Dem. Rep.",2.540999889,2.407000065,2.747999907,3.029000044,3.012000084,2.516000032,2.454999924,2.446000099,3.082000017,3.048000097,3.063999891,3.096999884,3.062000036,2.934999943,2.848999977,2.904000044,2.983999968,3.170000076,3.66899991,3.946000099,4.297999859,4.485000134,4.429999828,4.160999775,4.173999786,4.295000076,4.102000237,4.15500021
"Congo, Rep.",20.33300018,20.44799995,20.48399925,18.91799927,20.03100014,20.02799988,20.4470005,20.59000015,20.18799973,20.15999985,20.03199959,20.52199936,20.34600067,20.21199989,19.79599953,18.23600006,16.44199944,16.11100006,16.10000038,14.14900017,11.96000004,10,10.02900028,9.576000214,9.758999825,9.708999634,10.15600014,10.38199997
Colombia,10.11999989,9.43999958,7.800000191,8.25,8.720000267,11.81000042,12.14000034,15,20.05999947,20.52000046,15.03999996,15.63300037,14.18900013,13.71700001,11.86999989,11.50699997,11.20400047,11.27299976,12.06599998,10.98400021,10.11100006,9.739999771,9.052000046,8.57199955,8.298999786,8.692000389,8.871999741,9.093000412
Comoros,4.146999836,4.15500021,4.367000103,4.272999763,4.468999863,4.620999813,4.610000134,4.546000004,4.722000122,4.665999889,4.644000053,4.705999851,4.671999931,4.571000099,4.482999802,4.197999954,3.924000025,3.786000013,4.197000027,4.230999947,4.249000072,4.198999882,4.150000095,4.074999809,3.99000001,3.851999998,3.696000099,3.710000038
Cabo Verde,10.32299995,10.46399975,10.83199978,10.84200001,11.10099983,11.1420002,11.19400024,11.45400047,11.65499973,11.72799969,11.69699955,11.71500015,11.81299973,11.35900021,11.23400021,10.96500015,10.10599995,9.961000443,10.64000034,10.67000008,10.97599983,11.60200024,12.11200047,11.99300003,12.11400032,12.31200027,12.24100018,12.27600002
Costa Rica,5.373000145,3.927000046,3.953999996,4.045000076,5.176000118,6.162000179,5.681000233,5.327000141,5.894999981,5.081999779,5.914999962,6.334000111,6.558000088,6.390999794,6.571000099,5.739999771,4.489999771,4.781000137,7.712999821,7.171000004,10.13899994,9.784000397,8.767999649,9.059000015,8.998999596,8.597999573,8.142000198,8.128000259
Caribbean small states,13.02650951,13.1140331,13.52099813,12.9353032,12.68944038,12.48521476,12.51914866,11.92302312,11.99563971,11.6239106,11.26626631,11.12766054,10.18451273,9.812317155,9.549939621,8.744862132,8.246547546,8.493918492,9.863306733,10.45656216,10.67272767,11.35282438,11.7887357,11.01905634,10.78648598,10.61229463,9.930249163,8.961897567
Cuba,7.598999977,7.803999901,8.256999969,8.31400013,8.270000458,7.610000134,7.099999905,6.230000019,6.260000229,5.449999809,4.079999924,3.309999943,2.329999924,1.853999972,1.950000048,1.912999988,1.787999988,1.582999945,1.669999957,2.5,3.180000067,3.460000038,3.289999962,2.700000048,2.400000095,2.361999989,2.278000116,2.263999939
Curacao,,,,,,,,,,,,,,,,,,,,,,,,,,,,
Cayman Islands,,,,,,,,,,,,,,,,,,,,,,,,,,,,
Cyprus,2.036000013,2.089999914,2.58100009,3.035000086,3.512000084,3.997999907,4.514999866,5.046999931,5.699999809,4.967000008,3.983999968,3.299000025,4.135000229,4.333000183,5.303999901,4.543000221,3.921999931,3.654999971,5.363999844,6.263000011,7.855999947,11.79500008,15.87100029,16.08799934,14.90799999,12.94999981,11.05200005,8.109000206
Czech Republic,2.269999981,3.181999922,4.320000172,4.296000004,4.024000168,3.894000053,4.270999908,5.903999805,8.48900032,8.762000084,7.991000175,7.019000053,7.544000149,8.210000038,7.927000046,7.147999763,5.320000172,4.392000198,6.662000179,7.278999805,6.710999966,6.978000164,6.953000069,6.107999802,5.046000004,3.950999975,2.890000105,2.397000074
Germany,5.316999912,6.322999954,7.675000191,8.727999687,8.157999992,8.824999809,9.862999916,9.788000107,8.854999542,7.916999817,7.772999763,8.482000351,9.779000282,10.72700024,11.16699982,10.25,8.657999992,7.524000168,7.742000103,6.96600008,5.823999882,5.379000187,5.230999947,4.980999947,4.624000072,4.122000217,3.746000051,3.424999952
Djibouti,12.23200035,12.45899963,12.83100033,13.21000004,13.51500034,13.51299953,13.54399967,13.43200016,13.81299973,13.63599968,13.61299992,13.6079998,13.29399967,13.00199986,12.69699955,11.7840004,11.02900028,10.77900028,11.71700001,12.47700024,12.41800022,12.28899956,11.72599983,11.74499989,11.09399986,11.04599953,11.16399956,11.12199974
Dominica,,,,,,,,,,,,,,,,,,,,,,,,,,,,
Denmark,9.098999977,9.027000427,10.71899986,8.036000252,6.992000103,6.843999863,5.400000095,5.039000034,5.140999794,4.475999832,4.164000034,4.274000168,5.397999763,5.203999996,4.829999924,3.897000074,3.801000118,3.434000015,6.006999969,7.464000225,7.572999954,7.526000023,6.997000217,6.589000225,6.168000221,6.181000233,5.743000031,4.974999905
Dominican Republic,6.05700016,6.160999775,6.357999802,6.380000114,6.491000175,6.504000187,6.524000168,6.300000191,6.458000183,6.43200016,7.262000084,6.778999805,6.938000202,6.302999973,6.586999893,5.65500021,5.157999992,4.763999939,5.467000008,5.211999893,6.086999893,6.722000122,7.352000237,6.718999863,7.605000019,7.28399992,5.831999779,5.828999996
Algeria,20.60000038,24.37999916,26.22999954,27.73999977,31.84000015,28.61800003,25.43000031,26.91900063,28.44799995,29.77000046,27.29999924,25.89999962,23.71999931,17.64999962,15.27000046,12.27000046,13.78999996,11.32999992,10.15999985,9.960000038,9.960000038,10.97000027,9.819999695,10.20699978,11.20600033,10.20199966,11.99600029,12.14500046
East Asia & Pacific (excluding high income),2.425401889,2.396396228,2.69403414,2.875489686,2.97507048,3.07799596,3.212994578,3.364585167,3.524188151,3.471949369,3.859496704,4.143861657,4.432277499,4.413126356,4.469621973,4.350216197,4.302753029,4.456232744,4.397197669,4.146284062,4.08471118,4.073715475,4.06623752,4.034516274,4.092932805,4.003355328,3.918121571,3.939146536
Early-demographic dividend,3.893134921,3.987277426,4.345108722,4.539824063,4.883102774,4.807429841,4.731033735,4.834477549,5.083346855,5.076487832,5.198865654,5.538635563,5.463081815,5.255874436,5.204840436,4.769320205,4.5212541,4.316078147,4.610514665,4.445010534,4.434696688,4.478509724,4.601522154,4.50817444,4.656762029,4.658256587,4.540494823,4.546328056
East Asia & Pacific,2.472267916,2.466880063,2.757329016,2.925570346,3.01799243,3.128726078,3.2569921,3.528569425,3.697103344,3.598156947,3.971761334,4.246594758,4.500437342,4.434973637,4.457927589,4.320805996,4.253085855,4.39699045,4.455448624,4.216615344,4.110880721,4.084550214,4.06279006,4.021643231,4.063466343,3.967655032,3.870646676,3.869127257
Europe & Central Asia (excluding high income),5.201426489,5.483896758,6.23726897,7.826069285,9.115816985,9.877070932,10.74805579,11.78592968,11.97567628,10.69809535,10.0255186,9.735929464,9.5031789,9.214440939,8.591872281,8.092895999,7.288852103,7.285917203,8.996227243,8.406036906,7.800529055,7.20704255,7.234702777,7.418201145,7.543797504,7.505299927,7.221598195,7.039591338
Europe & Central Asia,6.939999548,7.44363115,8.619173164,9.667616282,9.979903691,10.32659821,10.56739794,10.74333707,10.64519482,9.813719589,9.106337883,9.151478853,9.163602122,9.136493822,8.722009377,8.069246032,7.149018625,7.071659738,8.901875669,8.993014459,8.753584164,8.961432571,9.189806103,8.939809493,8.542868584,8.075992432,7.452521525,6.941762671
Ecuador,4.431000233,4.465000153,4.717999935,4.847000122,4.921000004,4.980999947,4.987999916,4.856999874,5.006000042,4.798999786,4.251999855,4.925000191,5.662000179,5.001999855,3.779000044,3.549999952,3.14199996,3.917000055,4.607999802,4.087999821,3.457999945,3.234999895,3.082999945,3.480000019,3.615999937,4.597000122,3.835999966,3.910000086
"Egypt, Arab Rep.",9.380000114,8.920000076,10.92000008,10.93000031,11.03999996,9,8.369999886,8.029999733,7.949999809,8.979999542,9.260000229,10.01000023,11.01000023,10.31999969,11.19999981,10.48999977,8.800000191,8.517000198,9.086999893,8.756999969,11.84899998,12.59700012,13.15400028,13.10499954,13.05200005,12.40699959,11.77000046,11.43599987
Euro area,8.276788789,8.890860901,10.67650957,11.75842901,11.43468484,11.66576311,11.66088393,11.20009599,10.4399689,9.42432444,8.347644124,8.61413948,8.957488677,9.24466145,8.95236799,8.247442836,7.377650723,7.430992875,9.480836831,10.04311652,10.11694612,11.29494189,11.93136377,11.60258511,10.83422418,10.01863765,9.04930057,8.200749362
Eritrea,6.702000141,6.81400013,6.604000092,6.75,6.870999813,6.632999897,6.556000233,6.578000069,6.446000099,6.861000061,6.446000099,6.863999844,6.816999912,6.856999874,6.71600008,6.629000187,6.360000134,6.106999874,6.831999779,6.899000168,6.907000065,6.926000118,6.954999924,6.867000103,6.80700016,6.684000015,6.497000217,6.543000221
Spain,15.9289999,17.70100021,22.1609993,24.20899963,22.67499924,22.1420002,20.69799995,18.67399979,15.47599983,13.78499985,10.34799957,11.14599991,11.28299999,11.09000015,9.145999908,8.451999664,8.232000351,11.25399971,17.85700035,19.86000061,21.38999939,24.78700066,26.09399986,24.44099998,22.05699921,19.63500023,17.22400093,15.48700047
Estonia,1.468000054,3.680999994,6.544000149,7.56099987,9.659000397,9.914999962,10.36900043,9.510000229,11.57299995,13.35999966,13.13399982,10.02600002,11.28800011,10.24800014,8.032999992,5.914999962,4.592000008,5.454999924,13.54800034,16.70700073,12.32800007,10.02099991,8.630999565,7.352000237,6.186999798,6.762000084,5.760000229,5.507999897
Ethiopia,2.898000002,2.976000071,3.095999956,3.099999905,3.316999912,3.338000059,3.492000103,3.489000082,3.713999987,3.440999985,3.209000111,3.065999985,2.913000107,2.664999962,2.496999979,2.295000076,2.178999901,2.130000114,2.354000092,2.390000105,2.289000034,2.197000027,2.250999928,2.104000092,2.013999939,1.934999943,1.809999943,1.809000015
European Union,8.583570474,9.234612684,10.67435198,11.24301529,10.76156889,10.71174793,10.38531311,9.90675996,9.651273638,9.277557804,8.620122216,8.960640716,9.022358611,9.198902007,8.900268965,8.155530712,7.125663819,6.958047125,8.873375462,9.514135697,9.602419734,10.41945343,10.81761226,10.2063134,9.382377042,8.534692129,7.612139277,6.823761403
Fragile and conflict affected situations,5.144323598,5.099520933,5.314641592,5.360217375,5.397426859,5.43652657,5.491044324,5.509152148,5.734009557,5.85482547,6.015135293,6.183610887,6.164989508,6.157720471,6.114415288,5.992302888,5.894880178,5.950119932,6.070774553,6.111393883,6.088800819,6.026783331,5.908712834,5.751007652,5.791066888,5.894258427,5.825866877,5.875108536
Finland,6.502999783,11.59500027,16.20100021,16.4260006,17.00499916,15.57199955,14.96700001,13.21399975,11.69299984,11.13399982,10.28999996,10.42300034,10.46899986,10.3579998,8.383999825,7.718999863,6.854000092,6.368999958,8.248999596,8.394000053,7.781000137,7.68900013,8.19299984,8.663000107,9.376000404,8.81799984,8.640000343,7.755000114
Fiji,3.687999964,3.86500001,3.960000038,4.110000134,4.144000053,4.124000072,4.031000137,3.838000059,4.118000031,4.145999908,4.147999763,4.157000065,4.071000099,4.063000202,3.885999918,3.834000111,3.75999999,3.624000072,4.157000065,4.352000237,4.40500021,4.515999794,4.356999874,4.532999992,4.547999859,4.318999767,4.143000126,4.15199995
France,9.133999825,10.20499992,11.3210001,12.59300041,11.83600044,12.36699963,12.56599998,12.07499981,11.98099995,10.21700001,8.609999657,8.701999664,8.305999756,8.913999557,8.493000031,8.447999954,7.657000065,7.063000202,8.736000061,8.87100029,8.81099987,9.399999619,9.920999527,10.29199982,10.35900021,10.05700016,9.397000313,9.180000305
Faroe Islands,,,,,,,,,,,,,,,,,,,,,,,,,,,,
"Micronesia, Fed. Sts.",,,,,,,,,,,,,,,,,,,,,,,,,,,,
Gabon,16.93700027,17.21899986,17.78000069,17.63599968,17.61800003,17.66200066,17.21199989,17.10199928,17.68300056,17.62299919,17.39900017,17.4260006,17.51799965,17.3010006,16.90999985,17.02700043,17.35400009,17.81800079,19.27400017,20.38999939,20.38699913,20.1760006,20.11100006,19.91600037,19.98600006,19.62599945,19.37400055,19.48800087
United Kingdom,8.552000046,9.777000427,10.34799957,9.649999619,8.694000244,8.192000389,7.072000027,6.203000069,6.043000221,5.561999798,4.695000172,5.037000179,4.80700016,4.593999863,4.75,5.349999905,5.262000084,5.614999771,7.537000179,7.787000179,8.036999702,7.885000229,7.525000095,6.110000134,5.301000118,4.813000202,4.335000038,3.953999996
Georgia,2.700000048,5.400000095,5.400000095,8.399999619,7.599999905,11.5,11.5,14.52999973,13.80000019,10.81999969,11.15999985,12.59000015,11.51000023,12.61999989,13.81000042,13.56999969,13.27999973,17.87000084,18.29999924,17.40999985,17.34000015,17.21999931,16.94000053,14.61999989,14.07999992,13.97000027,13.93000031,14.10599995
Ghana,4.644000053,4.699999809,5.281000137,5.850999832,6.472000122,7.079999924,7.600999832,8.199999809,10.10000038,10.35999966,9.289999962,8.579999924,7.568999767,6.46999979,5.539000034,4.635000229,4.565000057,4.657000065,5.171999931,5.320000172,5.907999992,6.006000042,6.429999828,6.477000237,6.806000233,6.767000198,6.629000187,6.710000038
Gibraltar,,,,,,,,,,,,,,,,,,,,,,,,,,,,
Guinea,3.89199996,4.038000107,4.210000038,4.335999966,4.388000011,4.386000156,4.393000126,4.407999992,4.458000183,4.388000011,4.453999996,4.548999786,4.349999905,4.297999859,4.211999893,3.97300005,3.910000086,3.697999954,4.127999783,4.28399992,4.224999905,4.103000164,4.203000069,4.232999802,4.210999966,3.667999983,3.572000027,3.607000113
"Gambia, The",9.699999809,9.800999641,10.15999985,10.23700047,10.27499962,10.17599964,10.3210001,10.39299965,10.60900021,10.6260004,10.35700035,10.50699997,10.50800037,9.857999802,9.663999557,9.227000237,9.093999863,9.119999886,9.621999741,9.67800045,9.630000114,9.416999817,9.729000092,9.552000046,9.538999557,9.43599987,8.906000137,8.904999733
Guinea-Bissau,4.032000065,4.073999882,4.381000042,4.208000183,4.602000237,4.638999939,4.492000103,4.561999798,4.764999866,4.676000118,4.617000103,4.738999844,4.678999901,4.650000095,4.479000092,4.230999947,3.953000069,3.858999968,4.303999901,4.379000187,4.438000202,4.452000141,4.473999977,4.275000095,4.31799984,4.21999979,4.032999992,4.05700016
Equatorial Guinea,8.440999985,8.779000282,8.831000328,8.440999985,7.94299984,7.09100008,7.611000061,7.074999809,7.72300005,8.062999725,8.170999527,8.234999657,8.501999855,8.536000252,8.444999695,8.156999588,7.822000027,7.743000031,8.100000381,8.237999916,8.407999992,8.194000244,8.578000069,8.531999588,8.906999588,9.279000282,9.154999733,9.161999702
Greece,7.656000137,7.842999935,8.612999916,8.862999916,9.062000275,9.654999733,9.576999664,10.83899975,11.85299969,11.24800014,10.45600033,9.975000381,9.411999702,10.31099987,9.994000435,9.008000374,8.395999908,7.760000229,9.616000175,12.7130003,17.86499977,24.43899918,27.4659996,26.49099922,24.89699936,23.53899956,21.48800087,19.20700073
Grenada,,,,,,,,,,,,,,,,,,,,,,,,,,,,
Greenland,,,,,,,,,,,,,,,,,,,,,,,,,,,,
Guatemala,2.61500001,2.596999884,2.746999979,2.845999956,2.898000002,2.924999952,2.928999901,2.861999989,2.91899991,2.897000074,2.78399992,2.851000071,2.806999922,2.970999956,2.993999958,2.885999918,2.796000004,2.84100008,3.308000088,3.496999979,4.125999928,2.765000105,3.016000032,2.717000008,2.506000042,2.825999975,2.684000015,2.726999998
Guam,3.509000063,3.836999893,5.52699995,7.599999905,7.900000095,8.282999992,9.670000076,7.739999771,13.94999981,15.31999969,13.2130003,11.39000034,9.508999825,7.699999809,7,7.400000095,8.300000191,8.347999573,9.300000191,8.199999809,13.30000019,12.19999981,11.5,7.599999905,6.900000095,5.400000095,5.244999886,5.611999989
Guyana,11.94999981,11.89999962,12.23099995,12.46899986,12.29100037,12.21399975,11.97500038,11.83600044,12.06000042,11.85599995,11.75599957,11.81000042,11.76099968,11.57699966,11.08699989,10.69999981,10.47599983,10.47399998,11.39900017,11.65699959,11.74300003,11.93299961,12.28299999,12.36699963,12.55200005,12.3380003,12.11499977,12.15100002
High income,6.734254523,7.290734657,7.82897518,7.834299633,7.418924137,7.419454443,7.166337374,7.080542501,6.931382142,6.523238367,6.497891121,6.998882136,7.139930976,6.972686417,6.652686414,6.106303771,5.585627412,5.848892548,7.954685457,8.219971839,7.891494224,7.928652744,7.838202637,7.23240555,6.618371837,6.14713286,5.590578139,5.113993443
"Hong Kong SAR, China",1.799999952,1.960000038,1.960000038,1.899999976,3.220000029,2.829999924,2.220000029,4.579999924,6.25,4.920000076,5.090000153,7.28000021,7.860000134,6.739999771,5.579999924,4.769999981,4.010000229,3.559999943,5.260000229,4.309999943,3.420000076,3.289999962,3.400000095,3.299999952,3.319999933,3.390000105,3.089999914,2.778000116
Honduras,4.579999924,3.059999943,3.046999931,2.999000072,3.24000001,4.369999886,3.319999933,4.019999981,3.849999905,4.035999775,4,4.019999981,5.300000191,5.989999771,4.90899992,3.575000048,3.210999966,3.155999899,3.292000055,4.118999958,4.474999905,3.753999949,4.096000195,5.487999916,4.592000008,4.668000221,4.047999859,4.076000214
Heavily indebted poor countries (HIPC),4.685287321,4.676019213,4.899128839,4.899357584,4.952358989,4.957733329,4.943097381,4.913945473,5.194510103,5.182136723,5.12023657,5.162418008,5.139947648,4.980473954,4.840428311,4.571078125,4.312314129,4.215065175,4.571378193,4.732311047,4.577127444,4.349426299,4.211166776,4.0378289,4.05843137,4.03206389,3.873296351,3.889938894
Croatia,11.14000034,10.97200012,10.88399982,10.51000023,10.11100006,9.680000305,9.710000038,11.3920002,13.55900002,16.06399918,15.82199955,15.05300045,13.92399979,13.66399956,12.59799957,11.13000011,9.909000397,8.529999733,9.201999664,11.61999989,13.67800045,15.93500042,17.25099945,17.29000092,16.17499924,13.10299969,11.20800018,8.850000381
Haiti,6.822999954,6.938000202,7.120999813,7.21600008,7.18200016,7.052999973,7.18599987,7.106999874,7.199999809,8.338999748,9.552000046,11.00300026,12.15799999,13.53800011,14.87699986,15.81200027,16.79999924,15.93900013,16.23500061,15.64299965,14.9289999,14.10000038,14.14299965,13.91800022,13.72399998,13.64700031,13.40499973,13.52600002
Hungary,9.704999924,9.942000389,12.09799957,10.84700012,10.16800022,10.02200031,8.989999771,8.925000191,6.928999901,6.563000202,5.671000004,5.607999802,5.789999962,5.831999779,7.188000202,7.493999958,7.406000137,7.816999912,10.02999973,11.17199993,11.02900028,11.00300026,10.17599964,7.724999905,6.813000202,5.114999771,4.156000137,3.663000107
IBRD only,3.924094365,3.945091872,4.259654464,4.578387814,4.902435425,4.993133811,5.100086466,5.310540236,5.595357738,5.506462969,5.65295684,5.908042759,6.020936523,5.818260755,5.741763345,5.385682009,5.086285865,5.004883622,5.344823392,5.104190289,5.00714421,5.010275757,5.011890885,4.966338899,5.092478924,5.19379036,5.125447573,5.100421096
IDA & IBRD total,3.889017187,3.915157112,4.221456914,4.507927016,4.787670813,4.882815322,4.976246798,5.16381406,5.428219243,5.347545906,5.462408798,5.68516399,5.767439547,5.571730791,5.480117816,5.131621885,4.848659547,4.781492229,5.122387717,4.915565446,4.828373524,4.83274996,4.857572572,4.786447795,4.944998918,5.036573722,4.948764381,4.9246815
IDA total,3.71218134,3.765613719,4.032606332,4.163620753,4.233176089,4.35607655,4.392132282,4.479780566,4.65677278,4.62321976,4.604513114,4.693113018,4.653135357,4.498329716,4.352228393,4.051378843,3.850989734,3.857359347,4.216383405,4.161465815,4.124789612,4.144867699,4.269155242,4.111186025,4.401704866,4.467154298,4.322089456,4.313655879
IDA blend,3.35517318,3.511590012,3.858752328,4.174026951,4.286686299,4.593829727,4.629016195,4.826129522,4.838557805,4.607552649,4.487831665,4.426735325,4.261573047,4.016079771,3.788057098,3.504830084,3.186287794,3.158177719,3.462177805,3.564847781,3.533152586,3.813602463,4.302608414,4.08451357,5.00776933,5.248502992,5.016342826,4.98901812
Indonesia,2.539999962,2.670000076,3.282000065,3.63499999,3.99000001,4.369999886,4.679999828,5.460000038,6.300000191,6.077000141,6.081999779,6.604000092,6.657000065,7.302999973,7.945000172,7.551000118,8.06000042,7.209000111,6.105999947,5.613999844,5.152999878,4.467999935,4.335999966,4.048999786,4.513999939,4.301000118,4.184999943,4.300000191
IDA only,3.867235401,3.875817891,4.107638922,4.159123656,4.210262122,4.253832524,4.289742166,4.330105617,4.578082913,4.630026609,4.65508332,4.808502018,4.823286086,4.70833974,4.596992093,4.288663374,4.140691123,4.162627885,4.547519367,4.42471736,4.387036786,4.292538963,4.254174591,4.123135297,4.128214888,4.114823641,4.011329587,4.01195222
Isle of Man,,,,,,,,,,,,,,,,,,,,,,,,,,,,
India,2.361000061,2.407999992,2.572999954,2.59100008,2.611000061,2.664999962,2.630000114,2.671000004,2.743999958,2.730999947,2.868000031,3.052000046,3.181999922,3.09800005,3.101999998,2.736999989,2.398999929,2.267999887,2.474999905,2.444000006,2.519000053,2.690000057,2.822999954,2.765000105,2.782000065,2.730000019,2.556999922,2.551000118
Not classified,,,,,,,,,,,,,,,,,,,,,,,,,,,,
Ireland,15.77499962,15.02999973,15.58699989,14.56999969,11.9829998,11.71700001,10.20300007,7.698999882,5.803999901,4.31799984,3.683000088,4.215000153,4.478000164,4.491000175,4.342000008,4.414999962,4.980000019,6.774000168,12.60900021,14.53299999,15.35299969,15.45300007,13.74499989,11.85599995,9.904000282,8.366000175,6.710000038,5.690999985
"Iran, Islamic Rep.",11.10000038,10.63300037,10.70499992,10.5,9.838999748,9.100000381,9.741000175,10.48900032,11.19900036,11.68000031,12.11699963,12.80000019,11.53899956,10.30000019,12.10000038,11.19999981,10.60000038,10.47999954,11.97000027,13.52000046,12.44999981,12.63000011,10.43999958,10.56999969,11.06000042,12.43000031,12.10000038,11.99499989
Iraq,10.34599972,9.19699955,9.529000282,9.574000359,9.534999847,9.614999771,9.480999947,9.512000084,9.569999695,9.329999924,9.392999649,9.559000015,9.680000305,9.715999603,9.420000076,9.06400013,8.649000168,8.18999958,8.812999725,8.583000183,8.194000244,7.965000153,8.020999908,7.925000191,8.079000473,8.093000412,7.890999794,7.927999973
Iceland,2.548000097,4.304999828,5.256999969,5.326000214,5.196000099,3.599999905,3.720000029,3.069000006,2.177999973,1.93599999,1.873999953,2.987999916,3.996999979,4.031000137,2.546999931,2.829999924,2.250999928,2.946000099,7.21999979,7.56400013,7.027999878,6,5.375999928,4.896999836,3.979000092,2.977999926,2.742000103,2.917999983
Israel,13.38700008,14.07999992,12.74100018,9.934000015,8.781999588,8.454999924,9.751000404,10.7489996,11.18299961,11.10200024,11.81200027,12.88799953,13.50500011,13.02900028,11.34200001,10.70699978,9.37899971,7.703999996,9.534000397,8.479999542,7.138999939,6.856999874,6.208000183,5.889999866,5.250999928,4.797999859,4.215000153,3.950000048
Italy,10.10200024,9.328000069,10.23999977,11.09300041,11.66899967,11.8739996,11.9989996,12.11900043,11.68999958,10.84200001,9.595000267,9.206999779,8.866000175,7.866000175,7.730999947,6.77699995,6.074999809,6.72300005,7.749000072,8.362999916,8.359000206,10.65499973,12.14900017,12.68299961,11.89599991,11.68799973,11.21100044,10.20499992
Jamaica,15.73999977,15.39999962,16.31999969,15.34000015,16.22999954,16.01000023,16.35000038,15.5,15.73999977,15.53899956,14.93000031,14.19099998,11.73999977,11.43999958,11.26299953,10.32499981,9.744999886,10.32999992,11.36200047,12.36600018,12.69999981,13.93000031,15.2510004,13.73999977,13.51099968,13.19200039,11.6590004,9.444999695
Jordan,19.4810009,19.53100014,19.70000076,17.17099953,14.60000038,13.69999981,13.82199955,13.80200005,13.87899971,13.69999981,14.69999981,15.30000019,14.5,14.69499969,14.80000019,14,13.10000038,12.69999981,12.89999962,12.5,12.89999962,12.19999981,12.60000038,11.89999962,13.07499981,15.27499962,14.87899971,15.02499962
Japan,2.099999905,2.200000048,2.5,2.900000095,3.200000048,3.400000095,3.400000095,4.099999905,4.699999809,4.699999809,5,5.400000095,5.300000191,4.699999809,4.400000095,4.099999905,3.900000095,4,5.099999905,5.099999905,4.520999908,4.300000191,4,3.599999905,3.400000095,3.099999905,2.799999952,2.444999933
Kazakhstan,0.899999976,1,1.110000014,7.539999962,10.97999954,12.96000004,13.01000023,13.13000011,13.46000004,12.75,10.43000031,9.329999924,8.779999733,8.399999619,8.130000114,7.789999962,7.260000229,6.630000114,6.550000191,5.769999981,5.389999866,5.289999962,5.199999809,5.059999943,4.929999828,4.960000038,4.900000095,4.885000229
Kenya,8.897000313,9.147999763,9.44299984,9.633000374,9.774999619,9.918999672,9.887000084,9.920999527,10.00399971,9.904000282,9.901000023,10.09200001,10.09899998,9.968999863,9.784000397,9.442000389,9.06499958,8.925999641,9.600000381,9.730999947,9.67800045,9.661999702,9.789999962,9.588000298,9.675000191,9.62899971,9.291999817,9.312999725
Kyrgyz Republic,1,1.100000024,3.400000095,4.699999809,5.599999905,7.300000191,7.5,8.899999619,8.399999619,7.539999962,7.840000153,12.55000019,9.920000076,8.529999733,8.109999657,8.270000458,8.100000381,8.220000267,8.409999847,8.640000343,8.529999733,8.430000305,8.329999924,8.050000191,7.559999943,7.210000038,6.889999866,7.170000076
Cambodia,2.338000059,2.328000069,2.496000051,2.571000099,2.53399992,2.503999949,2.497999907,2.536999941,2.552000046,2.450000048,1.639999986,1.628000021,1.572999954,1.562000036,1.470000029,1.279000044,1.167999983,1.151000023,1.281000018,1.376999974,1.317999959,1.279000044,1.284000039,1.231999993,1.19599998,1.131000042,1.062000036,1.047999978
Kiribati,,,,,,,,,,,,,,,,,,,,,,,,,,,,
St. Kitts and Nevis,,,,,,,,,,,,,,,,,,,,,,,,,,,,
"Korea, Rep.",2.407000065,2.513000011,2.878000021,2.476000071,2.062999964,2.048000097,2.60800004,6.962999821,6.342000008,4.400000095,4,3.299999952,3.599999905,3.700000048,3.700000048,3.5,3.200000048,3.200000048,3.599999905,3.700000048,3.400000095,3.200000048,3.099999905,3.5,3.599999905,3.700000048,3.700000048,3.795000076
Kuwait,0.703000009,0.740999997,0.800000012,0.699999988,0.704999983,0.699999988,0.699999988,0.699999988,0.699999988,0.800000012,0.800000012,1.100000024,1.299999952,1.700000048,1.526000023,1.299999952,1.5,1.75,1.639999986,1.820000052,2.059000015,2.398000002,2.732000113,2.900000095,2.200000048,2.160000086,1.996999979,2.075999975
Latin America & Caribbean (excluding high income),6.009994605,5.992088217,6.052115222,6.516423175,7.82503459,8.042878153,7.924448235,8.327434949,9.165622768,9.160067699,8.691568644,9.060240032,8.907658596,8.356046701,7.89310867,7.200174794,6.822023285,6.406806639,7.470210623,6.960936246,6.466926904,6.382601336,6.320241137,6.099729781,6.643002364,7.83689241,8.139271561,8.106984095
Lao PDR,2.229000092,2.302999973,2.473999977,2.536999941,2.599999905,2.484999895,2.308000088,2.151000023,2.131999969,2.025000095,1.863000035,1.840000033,1.682999969,1.529000044,1.350000024,1.087000012,0.86500001,0.74000001,0.800000012,0.708000004,0.702000022,0.689999998,0.716000021,0.69599998,0.680000007,0.647000015,0.602999985,0.609000027
Lebanon,8.220999718,8.092000008,8.380999565,8.468999863,8.465000153,8.498999596,8.619999886,8.251999855,8.406999588,8.390999794,8.107000351,8.111000061,7.999000072,7.849999905,8.392000198,8.711000443,8.979999542,7.243999958,6.355000019,6.461999893,6.43599987,6.40899992,6.381999969,6.28000021,6.232999802,6.263000011,6.113999844,6.166999817
Liberia,2.316999912,2.328000069,2.471999884,2.493999958,2.604000092,2.628999949,2.671000004,2.671999931,2.782000065,2.772000074,2.605999947,2.654999971,2.605999947,2.526000023,2.421999931,2.226000071,2.032000065,1.963999987,2.246000051,2.266000032,2.27699995,2.263000011,2.288000107,2.207000017,2.184000015,2.150000095,2.028000116,2.032999992
Libya,19.41900063,19.57600021,19.88999939,20.09600067,20.70199966,20.57699966,20.75,21.0359993,21.13800049,20.6609993,18.77199936,18.30500031,18.53800011,18.71500015,18.45899963,18.11700058,17.38699913,16.54599953,17.19300079,17.61700058,19.56800079,19.03000069,18.30800056,17.13100052,16.09499931,16.23900032,17.12199974,17.28700066
St. Lucia,16.32900047,16.36199951,16.79999924,17,15.82999992,16.32999992,20.46999931,21.60000038,18.09000015,16.48999977,18.3220005,20.38999939,22.18000031,20.96999931,18.70000076,16,14,12.72000027,15.36999989,17.14900017,18.86000061,19.05999947,22.20999908,23.1779995,24.09000015,21.26300049,20.79000092,20.86800003
Latin America & Caribbean,6.107745393,6.072413056,6.136629566,6.599880934,7.793126553,8.073185972,7.951606276,8.330687309,9.224819944,9.186197996,8.746002312,9.095101067,8.938082775,8.412944473,7.948056326,7.267744256,6.877882741,6.501767673,7.595376366,7.03024652,6.512341215,6.405346523,6.329079557,6.131127666,6.639158677,7.784540793,8.076957929,8.056040277
Least developed countries: UN classification,4.184034405,4.153882373,4.358212692,4.387910268,4.434807866,4.392418992,4.459812198,4.427425087,4.649770817,4.719379181,4.746828882,4.912896654,5.001161434,4.931137723,4.799420528,4.458090413,4.234381756,4.130723891,4.502596848,4.303781821,4.197250005,4.115708243,4.128987668,4.003086083,4.027388283,4.034167226,3.943744757,3.942385725
Low income,3.481541662,3.48439607,3.724599456,3.812718291,3.892787291,3.900043106,3.954304916,3.985224356,4.189963963,4.205641087,4.243696099,4.335197779,4.298159686,4.184000346,4.086172042,3.944978511,3.785461002,3.790983394,4.073124136,4.175606183,4.095223899,3.963698,3.890340201,3.712274447,3.756025286,3.731849748,3.562539553,3.563510147
Liechtenstein,,,,,,,,,,,,,,,,,,,,,,,,,,,,
Sri Lanka,14.66100025,14.22000027,13.81000042,13.02999973,12.27000046,11.35000038,10.60000038,9.170000076,8.880000114,7.739999771,7.900000095,8.760000229,8.220000267,8.380000114,7.670000076,6.5,5.96999979,5.21999979,5.849999905,4.940000057,4.110000134,3.880000114,4.440000057,4.400000095,4.670000076,4.369999886,4.179999828,4.399000168
Lower middle income,3.258182144,3.301749717,3.589671579,3.690799333,3.878516545,4.011876127,4.112517557,4.271618737,4.469060538,4.444587059,4.481083398,4.593093137,4.644525771,4.576893883,4.560075347,4.185995293,3.935732994,3.796012879,3.924922315,3.732743285,3.791088491,3.849187054,3.990334962,3.938063904,4.132222651,4.100786888,3.959922816,3.962973029
Low & middle income,3.792241852,3.821083479,4.127174231,4.411261615,4.709267709,4.806482247,4.913844878,5.107395584,5.343346114,5.229883286,5.330571602,5.547723695,5.63497778,5.440991065,5.36112217,5.04237092,4.789968648,4.739652725,5.069284681,4.860380935,4.777442109,4.78086554,4.805853353,4.742202561,4.911376978,5.013416766,4.933228805,4.91912282
Lesotho,36.1269989,36.23899841,36.63700104,37.26599884,37.07500076,37.1269989,37.93999863,37.16699982,36.81200027,36.14699936,35.30599976,34.84400177,34.07400131,32.97299957,31.92099953,30.27099991,28.68199921,27.43000031,27.65699959,27.19400024,26.43899918,25.3029995,24.57999992,24.33200073,24.29800034,24.16500092,23.61300087,23.59600067
Late-demographic dividend,3.650180369,3.637895651,3.896971241,4.269982729,4.426603537,4.601072662,4.847585067,5.112049955,5.397065835,5.232193744,5.372529641,5.549752182,5.821446787,5.642748449,5.562069589,5.29270746,5.008201909,5.104503026,5.485672818,5.185332601,5.044240529,5.050040846,5.020217265,4.927070332,5.078285915,5.245967649,5.225126556,5.169839642
Lithuania,1.100000024,1.200000048,13.80000019,13.80000019,17.54000092,16.39999962,14.13000011,13.71100044,13.38799953,15.93099976,16.84000015,13.00800037,12.875,10.68400002,8.324999809,5.78000021,4.25,5.826000214,13.78499985,17.81399918,15.39000034,13.36499977,11.77000046,10.69799995,9.119999886,7.861999989,7.072999954,6.006999969
Luxembourg,1.481999993,2.029000044,2.329999924,3.480000019,2.917999983,3.286000013,2.52699995,2.763000011,2.390000105,2.345000029,1.804999948,2.621000051,3.674999952,5.112999916,4.487999916,4.730999947,4.065000057,5.059999943,5.122000217,4.361000061,4.901000023,5.139999866,5.84800005,5.852000237,6.669000149,6.290999889,5.521999836,5.46999979
Latvia,2.700000048,6.599999905,16.70000076,18.70000076,19,20.70000076,14.89999962,14.46399975,13.78999996,14.21100044,13.8210001,13.82900047,12.06099987,11.70800018,10.03299999,7.03000021,6.052000046,7.738999844,17.51499939,19.48200035,16.20599937,15.04699993,11.86699963,10.84599972,9.873000145,9.642999649,8.715000153,7.856999874
"Macao SAR, China",3.00999999,2.200000048,2.099999905,2.5,3.599999905,4.199999809,3.200000048,4.599999905,6.300000191,6.800000191,6.400000095,6.300000191,6,4.900000095,4.099999905,3.799999952,3.200000048,3,3.579999924,2.839999914,2.559999943,1.970000029,1.820000052,1.700000048,1.809999943,1.899999976,2,2.023000002
St. Martin (French part),,,,,,,,,,,,,,,,,,,,,,,,,,,,
Morocco,12.88899994,12.87699986,13.35499954,13.74699974,13.62899971,13.97700024,13.72799969,13.75899982,13.93999958,13.57999992,12.46000004,11.59000015,11.92000008,10.82999992,11.01000023,9.670000076,9.56000042,9.569999695,8.960000038,9.090000153,8.909999847,8.989999771,9.229999542,9.699999809,9.460000038,9.300000191,9.05300045,9.039999962
Monaco,,,,,,,,,,,,,,,,,,,,,,,,,,,,
Moldova,1.899999976,3.700000048,3.700000048,5.800000191,5.300000191,7.900000095,7.900000095,10,11.14000034,8.460000038,7.289999962,6.800000191,7.949999809,8.170000076,7.289999962,7.380000114,5.070000172,3.980000019,6.400000095,7.446000099,6.68200016,5.578000069,5.104000092,3.855999947,3.694000006,4.184999943,4.09800005,3.411000013
Madagascar,5.15899992,5.282000065,5.592000008,5.715000153,5.761000156,5.769999981,5.796999931,5.68900013,5.861000061,5.800000191,5.349999905,4.945000172,4.46999979,3.201999903,2.359999895,2.519999981,2.555999994,2.673000097,3.513000011,4.28000021,2.062999964,0.598999977,0.935000002,1.333999991,1.799999952,1.754999995,1.66900003,1.659000039
Maldives,0.714999974,0.725000024,0.768000007,0.785000026,0.790000021,0.973999977,1.16900003,1.368000031,1.715000033,1.970000029,2.137000084,2.398000002,2.64199996,2.782999992,2.874000072,3.029000044,3.016000032,3.130000114,3.734999895,4.113999844,4.390999794,4.647999763,5.031000137,5.210000038,5.677999973,6.119999886,5.829999924,6.074999809
Middle East & North Africa,11.16994114,11.45886374,12.18591174,12.21733969,12.30989053,11.43850103,11.12169948,11.36197165,11.64306189,12.09169171,12.05440192,12.26616569,11.94366075,10.82200522,11.01096106,10.09905328,9.521943931,9.13060694,9.396919559,9.54894804,10.08580113,10.27062117,9.830798246,9.84251743,9.912653025,9.945213686,9.879099853,9.824307132
Mexico,3.046999931,3.095999956,3.213999987,4.248000145,6.888000011,5.25,4.054999828,3.572999954,2.487999916,2.562999964,2.538000107,3.003000021,3.454999924,3.937000036,3.558000088,3.565999985,3.628000021,3.874000072,5.355999947,5.302999973,5.170000076,4.887000084,4.914000034,4.809000015,4.313000202,3.858999968,3.420000076,3.322000027
Marshall Islands,,,,,,,,,,,,,,,,,,,,,,,,,,,,
Middle income,3.817317874,3.848472231,4.160260723,4.460905256,4.777822332,4.883155736,4.995625077,5.203906234,5.443323442,5.319596276,5.426904586,5.656520803,5.756483767,5.556506446,5.47980732,5.146042872,4.886086676,4.831858694,5.16752818,4.929104938,4.846910242,4.865252151,4.901791406,4.851860454,5.036546659,5.155082165,5.087599012,5.075082599
North Macedonia,34.60300064,34.70100021,35.70800018,36.20899963,35.9090004,35.95500183,36,34.5,32.40000153,32.20000076,30.52000046,31.94000053,36.68999863,37.1609993,37.25,36.02500153,34.93500137,33.76100159,32.17900085,32.02000046,31.37800026,31.01600075,28.99600029,28.03000069,26.06800079,23.72400093,22.38100052,21.55200005
Mali,3.101000071,3.122999907,3.252000093,3.204999924,3.207000017,3.338000059,3.299999952,3.986999989,4.872000217,5.53399992,6.306000233,7.278999805,8.041999817,8.75,10.01399994,10.84300041,11.71000004,10.10700035,9.395999908,8.069999695,6.900000095,7.086999893,7.300000191,6.375,7.729000092,9.729999542,9.43500042,9.569000244
Malta,6.106999874,6.269999981,6.513000011,6.52699995,6.511000156,6.455999851,6.406000137,6.34100008,6.389999866,6.323999882,7.106999874,6.90199995,7.487999916,7.316999912,6.922999859,6.797999859,6.472000122,5.977000237,6.888999939,6.847000122,6.377999783,6.308000088,6.386000156,5.803999901,5.390999794,4.702000141,4.566999912,4.583000183
Myanmar,0.996999979,1.019999981,1.113000035,1.146999955,1.154000044,1.157999992,1.167000055,1.161000013,1.218000054,1.22300005,1.202999949,1.236999989,1.207999945,1.136000037,1.065000057,0.94599998,0.837000012,0.787999988,0.908999979,0.910000026,0.894999981,0.870000005,0.838,0.792999983,0.765999973,1.175999999,1.550999999,1.56400001
Middle East & North Africa (excluding high income),11.91237109,12.05842514,12.95797417,13.12977613,13.45353384,12.4816652,12.10034982,12.38585886,12.71720451,13.24719172,13.18623424,13.35650489,12.94681217,11.64799713,11.95572122,10.96533188,10.45343513,10.18986245,10.46876805,10.74634995,11.5018775,11.82342814,11.32880057,11.40074042,11.60076912,11.67623332,11.55836551,11.49599617
Montenegro,28.56800079,28.91600037,29.70400047,29.77899933,29.91500092,29.81800079,30.09799957,30.06900024,30.39100075,30.42300034,30.12899971,30.78899956,31.04199982,30.70400047,30.30999947,24.6760006,19.39999962,17.14999962,19.09000015,19.64900017,19.67099953,19.97500038,19.49600029,17.99699974,17.54400063,17.72299957,16.07099915,15.46199989
Mongolia,5.494999886,5.452000141,5.493000031,5.639999866,5.857999802,5.913000107,5.909999847,5.921000004,6.034999847,6.073999882,5.972000122,6.199999809,6.800000191,7.288000107,7.605000019,7.028999805,7.199999809,5.565000057,5.860000134,6.548999786,4.769000053,3.904999971,4.230999947,4.797999859,4.861000061,7.235000134,6.359000206,6.320000172
Northern Mariana Islands,,,,,,,,,,,,,,,,,,,,,,,,,,,,
Mozambique,2.357000113,2.313999891,2.51699996,2.598999977,2.487999916,2.730999947,2.700000048,2.683000088,2.594000101,2.648999929,2.892999887,2.951999903,3.13499999,3.407000065,3.414000034,3.290999889,3.194999933,3.239000082,3.730000019,3.815999985,3.733999968,3.279999971,3.233999968,3.184000015,3.426000118,3.381000042,3.173000097,3.171999931
Mauritania,11.53999996,11.54699993,12.15200043,10.77400017,12.11200047,12.22399998,12.21700001,12.25300026,12.24600029,12.05900002,11.89599991,12.48200035,12.03999996,10.95499992,10.13300037,10.63899994,10.27099991,9.711000443,10.74699974,10.59399986,10.30099964,9.864999771,9.987000465,10.21100044,10.78899956,10.37800026,10.27600002,10.30500031
Mauritius,8.887000084,9.069000244,9.369999886,9.437000275,9.590000153,9.581999779,9.380999565,9.239999771,9.293999672,9.277000427,9.138999939,8.204999924,8.359999657,8.336999893,9.524000168,9.039999962,8.475000381,7.170000076,7.256999969,7.653999805,7.447000027,7.472000122,7.322000027,7.467000008,7.409999847,6.813000202,6.751999855,6.867000103
Malawi,7.414000034,7.30700016,7.965000153,7.760000229,8.208999634,8.31400013,8.362000465,8.262999535,8.425999641,8.404000282,8.31499958,8.30700016,8.225000381,8.093999863,7.800000191,7.093999863,6.461999893,6.179999828,6.429999828,6.323999882,6.373000145,6.177000046,5.946000099,5.875999928,5.785999775,5.711999893,5.467999935,5.429999828
Malaysia,3.586999893,3.710000038,4.110000134,3.657000065,3.150000095,2.519999981,2.450000048,3.200000048,3.430000067,3,3.529999971,3.480000019,3.609999895,3.539999962,3.529999971,3.319999933,3.230000019,3.339999914,3.690000057,3.25,3.049999952,3.039999962,3.109999895,2.880000114,3.099999905,3.440000057,3.410000086,3.359999895
North America,7.161244681,7.873640865,7.350538524,6.545474632,6.030175058,5.862061588,5.403697597,4.882094828,4.552462422,4.273862098,4.980398181,5.975655043,6.154075538,5.702225496,5.257557824,4.799829366,4.770879546,5.82132597,9.15721692,9.463462554,8.793438664,7.984816985,7.342153831,6.249360614,5.45725535,5.100622468,4.57130252,4.150866524
Namibia,19.13999939,19.06900024,19.53300095,19.39999962,21.03800011,22.56200027,24.45000076,22.62199974,21.47100067,20.29999924,20.39800072,21.30800056,21.75600052,22.09000015,21.88699913,21.10499954,20.53899956,19.98900032,21.53700066,22.10000038,19.63999939,16.77099991,19.02799988,18.52099991,20.83099937,23.35199928,23.08799934,23.09499931
New Caledonia,17.98999977,18.29700089,18.74399948,18.77000046,18.74099922,18.63999939,18.2859993,17.90800095,17.73699951,17.36300087,17.00799942,16.86199951,16.65800095,16.30999947,15.56299973,14.69900036,13.88300037,13.41899967,13.97000027,14.2840004,14.33899975,14.56200027,14.71899986,14.59000015,14.32699966,14.07900047,13.79699993,13.61900043
Niger,1.271999955,1.292999983,1.429999948,1.422000051,1.450999975,1.458999991,1.43900001,1.462000012,1.498999953,1.470000029,1.470000029,1.921000004,2.39199996,2.836999893,3.099999905,2.226999998,1.55400002,1.034000039,0.86500001,0.501999974,0.319000006,0.331999987,0.323000014,0.321999997,0.298999995,0.31099999,0.284999996,0.273000002
Nigeria,3.562000036,3.562000036,3.825999975,4.015999794,3.947000027,3.950999975,3.973999977,3.992000103,4.008999825,3.953999996,4.028999805,4.110000134,4.063000202,3.980000019,3.869999886,3.665999889,3.438999891,3.424000025,3.756999969,3.769999981,3.697000027,3.693000078,3.703000069,4.436999798,5.313000202,6.236999989,6.013000011,6.026000023
Nicaragua,7.09499979,7.245999813,7.53399992,7.596000195,7.596000195,7.534999847,7.446000099,7.419000149,7.349999905,7.467999935,7.443999767,7.605999947,7.599999905,6.409999847,5.369999886,5.309999943,4.889999866,6.199999809,8.159999847,7.829999924,6.381000042,5.208000183,5.28000021,4.519000053,4.396999836,4.340000153,4.212999821,4.479000092
Netherlands,7.28399992,5.554999828,6.284999847,7.15899992,7.157000065,6.421000004,5.511000156,4.394000053,3.621999979,2.724999905,2.118999958,2.553999901,3.592999935,4.645999908,4.72300005,3.904999971,3.178999901,2.75,3.413000107,4.449999809,4.977000237,5.821000099,7.243000031,7.415999889,6.872000217,6.006000042,4.839000225,3.880000114
Norway,5.407000065,5.909999847,5.965000153,5.348999977,6.30700016,5.035999775,4.686999798,3.736999989,3.246999979,3.457999945,3.737999916,4.021999836,4.221000195,4.256000042,4.381000042,3.398999929,2.493000031,2.549999952,3.102999926,3.520999908,3.214999914,3.122999907,3.423000097,3.483999968,4.296000004,4.678999901,4.162000179,3.91899991
Nepal,1.582999945,1.575000048,1.672000051,1.748000026,1.697000027,1.697999954,1.730999947,1.713000059,1.850000024,1.820000052,1.863000035,1.871000051,1.886999965,1.804999948,1.702000022,1.549000025,1.381999969,1.335999966,1.567999959,1.521999955,1.523000002,1.582000017,1.549999952,1.457999945,1.42900002,1.425999999,1.253000021,1.264000058
Nauru,,,,,,,,,,,,,,,,,,,,,,,,,,,,
New Zealand,10.61400032,10.66699982,9.803999901,8.354000092,6.460999966,6.289999962,6.856999874,7.717999935,7.022999763,6.130000114,5.433000088,5.282000065,4.750999928,4.005000114,3.806999922,3.857000113,3.661000013,4.166999817,6.120999813,6.55700016,6.491000175,6.931000233,6.264999866,5.751999855,5.364999771,5.099999905,4.702000141,4.521999836
OECD members,6.676642841,7.198053024,7.727058881,7.796444595,7.546325591,7.392470541,7.083857484,6.954211246,6.749172406,6.323940367,6.342211521,6.890331863,7.062099699,6.963092524,6.639982376,6.070501333,5.617232166,5.947332792,8.129010998,8.328972253,7.952405564,7.940624854,7.881788406,7.358726181,6.770191405,6.323197631,5.761195108,5.315679952
Oman,4.603000164,4.785999775,5.058000088,5.073999882,5.056000233,4.994999886,4.93900013,4.867000103,4.921000004,4.847000122,4.782000065,4.849999905,4.880000114,4.81400013,4.650000095,4.393000126,4.152999878,4.142000198,4.698999882,4.65899992,4.433000088,4.321000099,4.164000034,3.848999977,3.542000055,3.266000032,3.137000084,3.112999916
Other small states,11.53728648,12.12394871,12.99106491,13.42601311,13.85978118,14.02691859,14.35002006,13.99067013,14.0496218,13.71858232,13.64056987,13.52568273,13.75488357,13.20964589,12.62670957,11.53092021,10.60760912,10.03909171,10.98274217,11.24849145,10.76082076,10.42993172,10.64267703,10.35494482,10.25948853,10.2319412,9.877511013,9.756865627
Pakistan,0.579999983,0.598999977,0.638999999,0.680000007,0.703999996,0.709999979,0.708000004,0.708999991,0.762000024,0.740999997,0.720000029,0.751999974,0.745999992,0.714999974,0.666000009,0.582000017,0.398000002,0.423000008,0.535000026,0.652999997,0.796000004,1.674999952,2.953999996,1.827000022,3.565999985,3.440000057,3.180999994,3.038000107
Panama,3.913000107,3.842999935,3.907999992,3.97300005,3.961999893,4.054999828,4.112999916,4.065000057,4.171999931,4.205999851,4.377999783,4.551000118,4.413000107,4.347000122,4.222000122,3.934999943,3.430000067,3.201999903,3.757999897,3.713000059,2.311000109,2.391000032,2.299999952,2.72300005,3.002000093,3.315000057,3.900000095,3.921999931
Peru,5.204999924,5.244999886,5.473999977,5.513999939,5.46600008,5.519999981,5.527999878,5.478000164,5.697999954,5.701000214,5.671000004,5.798999786,4.788000107,4.901000023,4.860000134,4.260000229,4.188000202,4.05700016,3.900000095,3.477999926,3.441999912,3.108999968,3.236999989,2.961999893,3,3.535000086,3.460000038,2.844000101
Philippines,3.246000051,3.290999889,3.424000025,3.506000042,3.579999924,3.566999912,3.551000118,3.608999968,3.848999977,3.83100009,3.697999954,3.617000103,3.52699995,3.552999973,3.795000076,4.052000046,3.434000015,3.720000029,3.85800004,3.605000019,3.592000008,3.503999949,3.496999979,3.599999905,3.026000023,2.707999945,2.552000046,2.515000105
Palau,,,,,,,,,,,,,,,,,,,,,,,,,,,,
Papua New Guinea,2.697999954,2.664000034,2.845000029,2.881000042,2.91899991,2.963000059,3.003000021,2.993000031,3.035000086,2.920000076,2.845999956,2.878000021,2.743999958,2.552000046,2.378000021,2.111000061,1.907999992,1.764000058,2.046999931,2.002000093,2.619999886,2.660000086,2.710999966,2.637000084,2.575999975,2.480999947,2.351999998,2.367000103
Poland,13.05599976,13.31900024,13.99800014,14.44400024,13.3380003,12.35400009,10.96399975,9.93500042,12.28999996,16.31299973,18.37299919,19.89500046,19.37000084,19.07299995,17.74600029,13.84000015,9.602000237,7.118000031,8.166999817,9.637000084,9.631999969,10.0880003,10.32600021,8.989999771,7.500999928,6.160999775,4.887000084,3.673000097
Pre-demographic dividend,5.841389845,5.761297863,6.004645544,6.0204531,6.010147543,5.960364507,5.972831245,5.900382711,6.088668294,6.133227584,6.162696985,6.290216475,6.297768932,6.182878439,5.974245185,5.632091915,5.229442906,5.039590304,5.377071077,5.481563748,5.269580185,5.095615033,4.953395169,4.930385752,5.124337346,5.279505144,5.093596963,5.110722387
Puerto Rico,16.18000031,16.93000031,16.90999985,14.60000038,13.93000031,13.64000034,13.80000019,13.46000004,11.81000042,10.07999992,11.39999962,11.93999958,11.77999973,10.31000042,11.35000038,11.01000023,10.93000031,11.47999954,15,16.10000038,15.69999981,14.5,14.30000019,13.89999962,12,11.80000019,10.80000019,11.44400024
"Korea, Dem. Peoples Rep.",3.58100009,3.628999949,3.891000032,3.997999907,4.127999783,4.157999992,4.245999813,4.203999996,4.308000088,4.254000187,4.197999954,4.271999836,4.157999992,4.078999996,3.917999983,3.663000107,3.381000042,3.278000116,3.637000084,3.654000044,3.66899991,3.637000084,3.671999931,3.582999945,3.54399991,3.447000027,3.286999941,3.302999973
Portugal,3.91899991,3.984999895,5.300000191,6.712999821,7.06400013,7.297999859,6.571000099,4.65199995,4.578000069,3.809000015,3.828000069,4.497000217,6.131999969,6.316999912,7.581999779,7.646999836,7.964000225,7.552000046,9.43200016,10.77000046,12.67700005,15.52700043,16.18300056,13.89400005,12.44400024,11.06599998,8.866999626,6.860000134
Paraguay,8.579999924,8.701999664,9.093999863,9.059000015,9.248000145,9.234999657,9.291999817,9.380000114,9.637999535,9.704000473,9.652999878,9.392999649,6.81400013,6.513000011,4.824999809,5.276000023,4.712999821,4.414999962,5.460000038,4.568999767,4.669000149,4.085000038,4.385000229,5.03399992,4.556000233,5.255000114,4.614999771,4.711999893
West Bank and Gaza,13.84200001,13.89400005,14.22000027,14.19900036,14.38099957,14.24699974,14.19400024,13.92399979,13.8039999,13.5340004,25.29800034,31.22200012,25.47999954,26.7859993,23.51499939,23.74099922,21.71800041,26.61199951,24.54800034,23.73399925,20.93600082,22.97299957,23.39699936,26.94599915,25.82099915,26.88999939,27.44400024,30.18199921
Pacific island small states,3.334632464,3.476045181,3.616893754,3.755220956,3.817702512,3.832443483,3.821664232,3.749223947,3.975836511,3.990612553,4.022161654,4.108721972,4.071176482,3.924188959,3.700739581,3.483980952,3.318332094,3.195429675,3.609657499,3.656071268,3.774863027,4.040029344,3.94050046,4.004741393,3.917745248,3.801533372,3.605970752,3.604097831
Post-demographic dividend,6.325003439,6.895921804,7.468396211,7.509345475,7.401272499,7.568029064,7.360958089,7.384094056,7.113753838,6.542786269,6.382926447,6.777329211,6.865571959,6.667448375,6.342700661,5.920338067,5.51379108,5.851893661,8.011422337,8.299253629,8.019702182,8.072290581,7.983613272,7.460943214,6.870217576,6.407580288,5.835270456,5.35557904
French Polynesia,11.42000008,11.63700008,11.95499992,11.97399998,11.95300007,11.88099957,11.81599998,11.73099995,11.79399967,11.70699978,11.63000011,11.71000004,11.95300007,12.08100033,12.07299995,11.91100025,11.73999977,11.72200012,12.85200024,13.09700012,13.04500008,13.18299961,13.24499989,12.98499966,12.68999958,12.4119997,12.09700012,12.01599979
Qatar,1.324000001,1.460000038,1.687999964,1.702000022,1.68599999,1.631999969,1.583999991,1.524000049,1.569000006,1.508000016,1.455000043,1.50999999,1.534000039,1.480000019,1.205000043,0.870000005,0.519999981,0.310000002,0.310000002,0.449999988,0.560000002,0.479999989,0.270000011,0.189999998,0.159999996,0.140000001,0.140000001,0.142000005
Romania,8.18900013,8.260000229,8.401000023,8.170000076,8.010000229,6.739999771,5.513999939,5.629000187,6.236999989,6.967000008,6.558000088,8.109999657,6.949999809,7.718999863,7.173999786,7.269000053,6.413000107,5.787000179,6.859000206,6.959000111,7.177000046,6.794000149,7.096000195,6.802000046,6.811999798,5.901000023,4.927000046,4.295000076
Russian Federation,5.070000172,5.181000233,5.882999897,8.130999565,9.449000359,9.664999962,11.81299973,13.26099968,13.03600025,10.58100033,8.977999687,7.875,8.210000038,7.763000011,7.124000072,7.054999828,6.001999855,6.204999924,8.300999641,7.368999958,6.535999775,5.43599987,5.458000183,5.159999847,5.571000099,5.559000015,5.211999893,4.743999958
Rwanda,0.300000012,0.333999991,0.400999993,0.474000007,0.526000023,0.560000002,0.616999984,0.65200001,0.723999977,0.776000023,0.80400002,0.889999986,0.948000014,0.963,0.949000001,0.860000014,0.750999987,0.699000001,0.962000012,1.059999943,1.093000054,1.105999947,1.154000044,1.16900003,1.098999977,1.034999967,0.953999996,0.971000016
South Asia,2.412093697,2.439244794,2.581747841,2.592820932,2.596377296,2.622988069,2.595474302,2.620721239,2.698542868,2.677921085,2.808350326,3.002934457,3.121461342,3.043859868,3.02295714,2.651289964,2.366703521,2.288565574,2.552166681,2.368483577,2.452511967,2.689762074,2.962369506,2.798305533,2.9925659,2.929175636,2.773211933,2.750177864
Saudi Arabia,6.994999886,7.199999809,7.017000198,6.56099987,6.090000153,5.600999832,5.140999794,4.691999912,4.349999905,4.570000172,4.619999886,5.269999981,5.559999943,5.820000172,6.050000191,6.25,5.730000019,5.079999924,5.380000114,5.550000191,5.769999981,5.519999981,5.570000172,5.71999979,5.590000153,5.650000095,5.889999866,5.919000149
Sudan,15.79699993,15.42800045,16.03800011,16.06100082,16.25499916,16.66300011,16.55699921,16.4279995,16.71199989,16.93499947,16.62100029,16.48600006,16.61400032,16.3390007,16.05699921,15.26099968,14.89500046,14.80000019,13,13.35200024,13.04199982,13.17800045,13.26099968,13.20899963,13.15499973,13.00899982,12.77299976,12.8760004
Senegal,5.370999813,5.407000065,5.609000206,5.609000206,5.657999992,5.68599987,5.65899992,5.649000168,5.703000069,5.603000164,5.607999802,5.650000095,6.776000023,7.958000183,9.088000298,10.02999973,9.498999596,9.315999985,10.36299992,10.54100037,10.35999966,9.31400013,8.512999535,7.630000114,6.756999969,6.612999916,6.436999798,6.464000225
Singapore,2.180000067,3.089999914,3.069999933,3.029999971,3.299999952,3.569999933,2.5,3.410000086,4.849999905,3.700000048,3.75999999,5.650000095,5.929999828,5.840000153,5.590000153,4.480000019,3.900000095,3.960000038,5.860000134,4.119999886,3.890000105,3.720000029,3.859999895,3.74000001,3.789999962,4.079999924,3.907000065,3.767999887
Solomon Islands,2.184999943,2.285000086,2.414000034,2.490999937,2.503999949,2.46600008,2.471999884,2.457999945,2.53399992,2.484999895,2.482000113,2.594000101,2.517999887,2.484999895,2.335999966,2.075000048,1.853999972,1.786000013,2.019999981,1.726999998,1.898000002,2.085000038,2.040999889,2.096999884,2.013000011,1.930999994,1.771000028,1.789999962
Sierra Leone,3.181999922,3.213999987,3.461999893,3.490999937,3.529999971,3.497999907,3.563999891,3.556999922,3.645999908,3.615999937,3.522000074,3.569000006,3.503000021,3.420000076,3.461999893,3.438999891,3.417000055,3.505000114,4.032999992,3.790999889,3.74000001,4.107999802,4.545000076,4.677999973,4.75,4.710000038,4.324999809,4.313000202
El Salvador,7.53000021,7.880000114,9.93999958,7.679999828,7.650000095,7.679999828,7.980000019,7.099999905,6.679999828,6.960000038,6.960000038,5.730000019,6.260000229,6.050000191,7.21999979,6.570000172,6.409999847,5.880000114,7.329999924,4.893000126,4.302000046,3.845999956,3.693000078,4.163000107,4,4.418000221,4.385000229,4.389999866
San Marino,,,,,,,,,,,,,,,,,,,,,,,,,,,,
Somalia,14.32999992,14.34200001,14.80200005,14.90799999,15.12899971,15.09799957,15.18500042,15.08100033,15.32199955,15.25899982,15.18200016,15.33600044,15.20199966,15.09399986,14.86400032,14.39900017,13.81900024,13.68799973,14.46199989,14.56799984,14.61800003,14.55200005,14.63099957,14.46500015,14.4119997,14.25899982,13.91300011,13.95600033
Serbia,12.86999989,12.97799969,13.31900024,13.40299988,13.39999962,13.19999981,13.80000019,13.69999981,13.69999981,12.60000038,12.80000019,13.80000019,15.19999981,18.5,20.85000038,20.85000038,18.05999947,13.70499992,16.1420002,19.21800041,22.9659996,24,22.15399933,19.22299957,17.92099953,15.25699997,13.47700024,13.51000023
Sub-Saharan Africa (excluding high income),6.990807096,7.005575751,7.307409234,7.370336645,7.43353942,7.448300634,7.514686665,7.440689412,7.679686635,7.67363658,7.663741468,7.869394317,7.692965591,7.292663901,7.086872514,6.71837393,6.258844239,5.848566461,6.190139104,6.322813872,6.160723203,6.024351271,5.92510416,5.896349449,6.073459597,6.249681866,6.120978037,6.096123758
South Sudan,12.70899963,12.80200005,13.21500015,13.35200024,13.49199963,13.48600006,13.54100037,13.46399975,13.65200043,13.59500027,13.5369997,13.68599987,13.59300041,13.43599987,13.20499992,12.74199963,12.31700039,12.14999962,13.11100006,13.14099979,12.96899986,12.67199993,12.86600018,12.44200039,12.8380003,12.57600021,12.63899994,12.6960001
Sub-Saharan Africa,6.990807096,7.005575751,7.307409234,7.370336645,7.43353942,7.448300634,7.514686665,7.440689412,7.679686635,7.67363658,7.663741468,7.869394317,7.692965591,7.292663901,7.086872514,6.71837393,6.258844239,5.848566461,6.190139104,6.322813872,6.160723203,6.024351271,5.92510416,5.896349449,6.073459597,6.249681866,6.120978037,6.096123758
Small states,11.46467955,11.90105087,12.61009018,12.77163082,13.01431297,13.08050569,13.31665065,12.92023672,12.9970274,12.68076618,12.54460602,12.43758205,12.38590003,11.91167693,11.43513931,10.47034784,9.697949082,9.344788916,10.36015839,10.68852052,10.38138782,10.29252765,10.54012459,10.17769674,10.05783159,9.99930464,9.589940519,9.314387119
Sao Tome and Principe,13.40299988,13.47999954,13.84799957,13.97299957,14.06499958,14.13799953,14.2510004,14.21399975,14.40799999,14.39999962,15.72999954,17.62999916,16.36000061,16.12000084,16.46999931,16.64999962,15.28100014,13.99199963,14.69299984,13.73999977,13.72299957,13.59000015,13.92700005,13.88599968,13.60499954,13.56999969,13.13899994,13.31900024
Suriname,16.97299957,17.28000069,15.64000034,12.69999981,8.390000343,10.88000011,10.56000042,10.63000011,13.60000038,12.88000011,11.91399956,11.07499981,10.39999962,9.489999771,9.340000153,9.232999802,8.267000198,8.048000336,8.720000267,7.150000095,7.539999962,8.100000381,6.599999905,6.940000057,7.21999979,7.289000034,7.598999977,7.631000042
Slovak Republic,11.68299961,11.89299965,12.19999981,13.65400028,13.10900021,11.3409996,11.89400005,12.18700027,15.94699955,19.06200027,19.38199997,18.72100067,17.12000084,18.59900093,16.25600052,13.37300014,11.14299965,9.508000374,12.02499962,14.37899971,13.61699963,13.9630003,14.22000027,13.18400002,11.48099995,9.670000076,8.130999565,6.756000042
Slovenia,7.079999924,7.736000061,8.510000229,8.239999771,7.150000095,6.907999992,6.646999836,7.388999939,7.323999882,6.918000221,5.68200016,5.921999931,6.479000092,6.012000084,6.506000042,5.949999809,4.81799984,4.370999813,5.856999874,7.236000061,8.166000366,8.840000153,10.10200024,9.668000221,8.961999893,8,6.56400013,5.510000229
Sweden,3.243000031,5.722000122,9.329999924,9.579999924,8.897000313,9.546999931,10.35900021,8.940999985,7.606999874,5.46600008,4.730000019,4.965000153,5.554999828,6.69299984,7.486000061,7.065999985,6.160999775,6.235000134,8.350999832,8.609999657,7.803999901,7.975999832,8.052000046,7.953000069,7.43200016,6.989999771,6.717999935,6.443999767
Eswatini,20.35199928,20.49099922,21.02099991,21.28800011,21.64999962,22.08600044,22.5,22.46199989,23.96999931,24.9090004,25.44199944,26.50699997,27.32799911,27.69099998,28.24699974,28.28300095,28.23999977,27.29599953,27.75399971,27.30900002,26.6760006,25.98399925,25.41300011,24.49500084,23.64299965,22.71800041,22.34000015,22.47699928
Sint Maarten (Dutch part),,,,,,,,,,,,,,,,,,,,,,,,,,,,
Seychelles,,,,,,,,,,,,,,,,,,,,,,,,,,,,
Syrian Arab Republic,6.75,7.059999943,7.400000095,7.5,7.199999809,7.245999813,7.339000225,7.447999954,7.599999905,9.539999962,11.63000011,11.68000031,10.27999973,9.831999779,9.112999916,8.170000076,8.420000076,10.92000008,8.140000343,8.609999657,8.62899971,8.670000076,8.673000336,8.449000359,8.392000198,8.253000259,8.031000137,8.119999886
Turks and Caicos Islands,,,,,,,,,,,,,,,,,,,,,,,,,,,,
Chad,0.601999998,0.621999979,0.699999988,0.714999974,0.832000017,0.916999996,1.004999995,1.105999947,1.225999951,1.27699995,1.174000025,1.047000051,1.161999941,1.468999982,1.488000035,1.355000019,1.269999981,1.286000013,1.611999989,1.618999958,1.763000011,1.777999997,2.114000082,2.052999973,2.171999931,2.417000055,2.198999882,2.229000092
East Asia & Pacific (IDA & IBRD countries),2.408352445,2.378217801,2.676444066,2.859061583,2.95824249,3.062373411,3.198127422,3.352556043,3.512999793,3.46083867,3.854685929,4.14204004,4.436173159,4.417864595,4.477456077,4.35997742,4.315806292,4.472939907,4.408010128,4.153310421,4.090645786,4.079962979,4.071900562,4.041023576,4.100880575,4.011452093,3.927338397,3.948482043
Europe & Central Asia (IDA & IBRD countries),5.974186407,6.248776501,6.994084967,8.452758761,9.503751004,10.09681363,10.75639999,11.61496463,12.01954726,11.24955973,10.83575386,10.69339842,10.42336256,10.12857695,9.445295124,8.625522046,7.514895696,7.28326591,8.925464006,8.544146711,8.013918809,7.53759018,7.59249411,7.644531727,7.617339428,7.437278588,7.053763538,6.764960564
Togo,1.843999982,1.902999997,2.181999922,2.186000109,2.183000088,2.15899992,2.23300004,2.183000088,2.385999918,2.101999998,2.08100009,2.109999895,2.092999935,1.998999953,1.978999972,1.848999977,1.675999999,1.646000028,1.889000058,1.934000015,1.863000035,1.898000002,1.812000036,1.786000013,1.692000031,1.654000044,1.657999992,1.667999983
Thailand,2.630000114,1.350000024,1.49000001,1.350000024,1.100000024,1.070000052,0.870000005,3.400000095,2.970000029,2.390000105,2.599999905,1.820000052,1.539999962,1.50999999,1.350000024,1.220000029,1.179999948,1.179999948,1.039000034,0.621999979,0.660000026,0.579999983,0.488999993,0.575999975,0.597000003,0.688000023,0.632000029,0.665000021
Tajikistan,1.899999976,2.099999905,6.199999809,8.800000191,10.30000019,13.39999962,13.89999962,16.5,15.39999962,14.61200047,14.27499962,14.15999985,13.8760004,13.4119997,12.98099995,11.86299992,11.02799988,10.89000034,11.5,11.63399982,11.57199955,11.70300007,11.82199955,11.64900017,11.35000038,10.98900032,10.73799992,10.92199993
Turkmenistan,1.399999976,1.5,1.5,4.699999809,8.300000191,10.30000019,11,12.19999981,12.69999981,11.78100014,10.75399971,9.991999626,9.145000458,8.215000153,7.361000061,6.353000164,5.383999825,4.506999969,4.385000229,4,3.976000071,3.959000111,3.977999926,3.895999908,3.839999914,3.799000025,3.694999933,3.782999992
Latin America & the Caribbean (IDA & IBRD countries),5.982450235,5.935697898,5.991414282,6.486957855,7.730006601,8.038584096,7.924783239,8.339780993,9.271427367,9.260369425,8.826440478,9.194437264,9.050920994,8.528564518,8.043567956,7.349787738,6.954348751,6.569012296,7.66685863,7.064312589,6.522478176,6.41378488,6.338547574,6.150531403,6.685650993,7.858384294,8.161817021,8.137898426
Timor-Leste,3.25999999,3.315999985,3.506999969,3.58100009,3.607000113,3.631999969,3.661999941,3.763000011,3.924000025,3.970999956,4.063000202,4.172999859,4.290999889,3.84800005,3.601000071,3.28399992,3.102999926,2.963999987,3.180000067,3.301000118,3.200999975,3.249000072,3.325999975,3.288000107,3.342999935,2.979000092,2.963000059,2.999000072
Middle East & North Africa (IDA & IBRD countries),11.89878509,12.04528859,12.94881049,13.1219391,13.44660739,12.46809636,12.08382234,12.37358734,12.70855263,13.24488626,13.09595619,13.22510588,12.84971588,11.53064155,11.86523331,10.86214983,10.36004788,10.05125431,10.34787712,10.63447914,11.41528755,11.71768328,11.21257841,11.23942459,11.45074492,11.5148312,11.38946765,11.2935067
Tonga,1.197000027,1.187000036,1.299999952,1.547000051,1.837000012,2.131000042,2.489000082,2.875,3.433000088,3.796000004,4.186999798,4.736000061,5.179999828,3.492000103,2.138999939,1.090000033,0.987999976,0.957000017,1.125,1.146000028,1.133999944,1.113000035,1.13499999,1.110000014,1.080000043,1.054999948,1.003000021,1.02699995
South Asia (IDA & IBRD),2.412093697,2.439244794,2.581747841,2.592820932,2.596377296,2.622988069,2.595474302,2.620721239,2.698542868,2.677921085,2.808350326,3.002934457,3.121461342,3.043859868,3.02295714,2.651289964,2.366703521,2.288565574,2.552166681,2.368483577,2.452511967,2.689762074,2.962369506,2.798305533,2.9925659,2.929175636,2.773211933,2.750177864
Sub-Saharan Africa (IDA & IBRD countries),6.990807096,7.005575751,7.307409234,7.370336645,7.43353942,7.448300634,7.514686665,7.440689412,7.679686635,7.67363658,7.663741468,7.869394317,7.692965591,7.292663901,7.086872514,6.71837393,6.258844239,5.848566461,6.190139104,6.322813872,6.160723203,6.024351271,5.92510416,5.896349449,6.073459597,6.249681866,6.120978037,6.096123758
Trinidad and Tobago,3.438999891,3.572000027,3.773000002,3.785000086,3.772000074,3.724999905,3.684000015,3.630000114,3.670000076,3.61500001,3.566999912,3.617000103,3.638000011,3.589999914,3.469000101,3.28399992,3.11500001,3.107000113,3.648000002,3.775000095,3.247999907,3.453000069,2.460000038,2.223999977,2.210999966,2.971999884,2.816999912,2.829999924
Tunisia,15.07400036,15.15100002,15.47999954,15.81799984,15.88000011,16.02000046,15.93999958,15.43299961,15.21000004,14.93999958,14.39999962,14.55000019,14.51000023,14.22999954,12.87199974,12.51000023,12.36499977,12.44400024,13.29100037,13.04899979,18.33399963,17.62999916,15.93400002,15.05799961,15.21800041,15.51399994,15.37899971,15.47799969
Turkey,8.210000038,8.508999825,8.961999893,8.576999664,7.644000053,6.629000187,6.84100008,6.888000011,7.686999798,6.494999886,8.380999565,10.3579998,10.54199982,10.8380003,10.63599968,8.718000412,8.868000031,9.710000038,12.55200005,10.65999985,8.795999527,8.149000168,8.732000351,9.880000114,10.23600006,10.83899975,10.81900024,10.89500046
Tuvalu,,,,,,,,,,,,,,,,,,,,,,,,,,,,
Tanzania,3.599999905,3.450999975,3.595999956,3.558000088,3.611999989,3.58100009,3.48300004,3.257999897,3.308000088,3.155999899,2.993999958,3.246999979,3.358999968,3.437999964,3.46600008,3.299000025,2.693000078,2.35800004,2.5,3.035000086,3.470000029,3.24000001,2.930000067,2.125,2.122999907,2.095000029,1.93900001,1.932000041
Uganda,0.939999998,0.920000017,1.16900003,1.424000025,1.636000037,1.827999949,2.098999977,2.354000092,2.707000017,2.832999945,3.155999899,3.5,3.599999905,2.644999981,1.899999976,2.122999907,2.256000042,2.661999941,3.599999905,3.680000067,3.595000029,3.551000118,1.909999967,1.888000011,1.870000005,1.792000055,1.697999954,1.741999984
Ukraine,1.899999976,1.899999976,2,2,5.619999886,7.650000095,8.930000305,11.31999969,11.86400032,11.70699978,11.06099987,10.13599968,9.05700016,8.590000153,7.179999828,6.809999943,6.349999905,6.360000134,8.840000153,8.100000381,7.860000134,7.53000021,7.170000076,9.270000458,9.140000343,9.350000381,9.510000229,9.380999565
Upper middle income,4.198344386,4.224627264,4.556820238,5.001876646,5.414843978,5.504953896,5.631133763,5.882274555,6.158139519,5.967034938,6.134427817,6.458674847,6.605401725,6.312196094,6.195617033,5.896122014,5.634906618,5.652551072,6.157953054,5.893071851,5.70164607,5.690786034,5.652736121,5.615199911,5.799849749,6.054581275,6.061632571,6.049054454
Uruguay,12.64000034,12.93799973,13.37699986,13.40200043,13.3739996,13.27400017,13.18400002,13.06700039,13.15499973,13.03499985,12.9289999,13.03899956,13.08600044,12.97900009,12.00899982,10.84399986,9.402999878,8.024999619,7.739999771,7.157999992,6.30700016,6.451000214,6.443999767,6.546999931,7.487999916,7.84100008,7.889999866,7.960999966
United States,6.800000191,7.5,6.900000095,6.118999958,5.650000095,5.451000214,5,4.510000229,4.218999863,3.992000103,4.730999947,5.782999992,5.988999844,5.528999805,5.083000183,4.623000145,4.622000217,5.78399992,9.25399971,9.633000374,8.949000359,8.069000244,7.375,6.168000221,5.28000021,4.868999958,4.355000019,3.933000088
Uzbekistan,1.899999976,2.900000095,4.900000095,7.300000191,7.800000191,10.69999981,10.89999962,13.30000019,13.30000019,12.11900043,11.00399971,10.20699978,9.220999718,8.057999611,6.927000046,5.849999905,4.989999771,4.889999866,5.039999962,5.360000134,4.960000038,4.869999886,4.860000134,5.090000153,5.150000095,5.159999847,4.972000122,5.22300005
St. Vincent and the Grenadines,19.77000046,19.54500008,20.26600075,20.80400085,20.3560009,20.85899925,20.6779995,20.59799957,21.0909996,21.13100052,21.10000038,20.86100006,20.55999947,20.4109993,20.15699959,19.27400017,18.79400063,18.79999924,19.75200081,19.91600037,19.79100037,19.71999931,19.69099998,19.68700027,20.1989994,20.06500053,19.7310009,19.76099968
"Venezuela, RB",9.449999809,7.690000057,6.599999905,8.56000042,10.23999977,11.77000046,11.15999985,11.14999962,14.52999973,13.98999977,13.03999996,16.17000008,16.78000069,15.06999969,10.66300011,8.605999947,7.278999805,6.244999886,8.050000191,8.449999809,6.90199995,6.600999832,7.539999962,6.949999809,6.820000172,7.460000038,7.421999931,8.364999771
British Virgin Islands,,,,,,,,,,,,,,,,,,,,,,,,,,,,
Virgin Islands (U.S.),8.720000267,8.928999901,9.237000465,9.25399971,9.234999657,9.164999962,9.102000237,9.020000458,9.081999779,8.998000145,8.923999786,9.001000404,9.034000397,8.960000038,8.772000313,8.472000122,8.187999725,8.173999786,9.050000191,9.241999626,9.201000214,9.309000015,9.357999802,9.154000282,8.923000336,8.706000328,8.461999893,8.409999847
Vietnam,1.962000012,1.963999987,1.881000042,1.932999969,1.942999959,1.929999948,2.869999886,2.289999962,2.329999924,2.25999999,2.75999999,2.119999886,2.25,2.140000105,2.224999905,2.174000025,2.026000023,2.380000114,1.736999989,1.113999963,0.999000013,1.02699995,1.251999974,1.256000042,1.858999968,1.850999951,1.886000037,1.891000032
Vanuatu,5.994999886,6.079999924,6.355999947,6.452000141,6.502999783,6.53000021,6.559000015,6.537000179,6.665999889,6.578000069,6.577000141,6.676000118,6.664999962,6.357999802,6.186999798,5.781000137,5.373000145,5.058000088,5.460000038,5.636000156,5.888000011,6.051000118,5.991000175,5.869999886,5.526000023,5.693999767,5.422999859,5.40899992
World,4.397480334,4.526258396,4.871007626,5.093310747,5.245273701,5.319635395,5.353404937,5.489244177,5.648042626,5.476372243,5.551243896,5.820243191,5.915685182,5.724406338,5.599377441,5.238616836,4.936556173,4.944230307,5.598770149,5.474486049,5.34319986,5.351460429,5.352922687,5.189820071,5.216667303,5.215800543,5.050055798,4.953513481
Samoa,2.099999905,2.354000092,2.684999943,2.964999914,3.217999935,3.496000051,3.776000023,4.004000187,4.43200016,4.71600008,4.960000038,5.112999916,5.151000023,5.137000084,5.139999866,4.958000183,4.750999928,4.769000053,5.34499979,5.524000168,5.679999828,8.751999855,8.795999527,8.720000267,8.616000175,8.605999947,8.324000359,8.324999809
Kosovo,,,,,,,,,,,,,,,,,,,,,,,,,,,,
"Yemen, Rep.",8.041999817,7.980999947,8.269000053,8.340000153,8.786000252,9.19699955,9.762999535,10.63599968,11.46000004,11.44099998,11.5909996,11.92300034,11.91399956,11.86699963,11.79899979,11.60599995,11.3380003,11.34300041,12.51299953,12.90499973,13.05799961,13.25199986,13.50699997,13.46700001,14.02299976,13.52400017,13.17500019,12.93400002
South Africa,28.27099991,28.60899925,29.41699982,29.55900002,29.58200073,29.79800034,29.85099983,29.74799919,30.20199966,30.22900009,30.89599991,33.47299957,32.45600128,29.57600021,29.25300026,28.48900032,26.66600037,22.43300056,23.53800011,24.69300079,24.65299988,24.73200035,24.56900024,24.89800072,25.15600014,26.5510006,27.32699966,26.95800018
Zambia,18.89999962,19.25600052,19.70000076,17.94199944,16.61599922,15.30000019,13.81299973,12,12.66300011,12.93000031,13.81000042,14.49100018,14.82499981,15.26500034,15.89999962,12.5,9.987000465,7.929999828,10.62300014,13.18999958,10.19999981,7.849999905,7.801000118,7.706999779,7.446000099,7.372000217,7.205999851,7.209000111
Zimbabwe,4.518000126,4.519000053,4.857999802,4.960000038,5.587999821,6.270999908,6.929999828,6.374000072,6,5.703000069,5.40500021,5.241000175,4.867000103,4.389999866,4.28399992,4.066999912,4.160999775,4.449999809,5.03399992,5.122000217,5.368000031,5.607999802,5.623000145,5.518000126,5.438000202,5.238999844,4.94299984,4.914999962
